-- phpMyAdmin SQL Dump
-- version 3.3.9
-- http://www.phpmyadmin.net
--
-- Host: localhost
-- Generation Time: Apr 10, 2013 at 07:23 
-- Server version: 5.5.8
-- PHP Version: 5.3.5

SET SQL_MODE="NO_AUTO_VALUE_ON_ZERO";


/*!40101 SET @OLD_CHARACTER_SET_CLIENT=@@CHARACTER_SET_CLIENT */;
/*!40101 SET @OLD_CHARACTER_SET_RESULTS=@@CHARACTER_SET_RESULTS */;
/*!40101 SET @OLD_COLLATION_CONNECTION=@@COLLATION_CONNECTION */;
/*!40101 SET NAMES utf8 */;

--
-- Database: `sakola`
--

-- --------------------------------------------------------

--
-- Table structure for table `quiz_answer_log`
--

CREATE TABLE IF NOT EXISTS `quiz_answer_log` (
  `id_quiz_answer_log` int(11) NOT NULL AUTO_INCREMENT,
  `result_id` int(11) NOT NULL,
  `soal_id` int(11) NOT NULL,
  `answer` varchar(30) NOT NULL,
  `date_modified` timestamp NOT NULL DEFAULT CURRENT_TIMESTAMP ON UPDATE CURRENT_TIMESTAMP,
  PRIMARY KEY (`id_quiz_answer_log`)
) ENGINE=InnoDB  DEFAULT CHARSET=latin1 AUTO_INCREMENT=53 ;

--
-- Dumping data for table `quiz_answer_log`
--

INSERT INTO `quiz_answer_log` (`id_quiz_answer_log`, `result_id`, `soal_id`, `answer`, `date_modified`) VALUES
(1, 1, 102, '0', '2013-04-10 20:36:51'),
(2, 1, 103, '0', '2013-04-10 20:36:51'),
(3, 1, 104, '0', '2013-04-10 20:36:51'),
(4, 1, 105, '0', '2013-04-10 20:36:51'),
(5, 1, 106, '0', '2013-04-10 20:36:51'),
(6, 2, 102, '0', '2013-04-10 20:37:10'),
(7, 2, 103, '0', '2013-04-10 20:37:10'),
(8, 2, 104, '0', '2013-04-10 20:37:10'),
(9, 2, 105, '0', '2013-04-10 20:37:10'),
(10, 2, 106, '0', '2013-04-10 20:37:10'),
(11, 3, 102, '0', '2013-04-10 20:37:22'),
(12, 3, 103, '0', '2013-04-10 20:37:22'),
(13, 3, 104, '0', '2013-04-10 20:37:22'),
(14, 3, 105, '0', '2013-04-10 20:37:22'),
(15, 3, 106, '0', '2013-04-10 20:37:23'),
(16, 4, 102, '0', '2013-04-10 21:51:27'),
(17, 4, 103, '0', '2013-04-10 21:51:27'),
(18, 4, 104, '0', '2013-04-10 21:51:27'),
(19, 4, 105, '0', '2013-04-10 21:51:27'),
(20, 4, 106, '0', '2013-04-10 21:51:27'),
(21, 5, 102, '0', '2013-04-10 21:52:03'),
(22, 5, 103, '0', '2013-04-10 21:52:03'),
(23, 5, 105, '0', '2013-04-10 21:52:03'),
(24, 5, 106, '0', '2013-04-10 21:52:03'),
(25, 6, 102, '0', '2013-04-10 21:52:17'),
(26, 6, 103, '0', '2013-04-10 21:52:17'),
(27, 6, 104, '0', '2013-04-10 21:52:17'),
(28, 6, 106, '0', '2013-04-10 21:52:17'),
(29, 7, 107, '1', '2013-04-10 22:14:53'),
(30, 7, 108, '3', '2013-04-10 22:14:53'),
(31, 7, 110, '3', '2013-04-10 22:14:53'),
(32, 7, 111, '4', '2013-04-10 22:14:53'),
(33, 8, 107, '1', '2013-04-10 23:42:20'),
(34, 8, 108, '3', '2013-04-10 23:42:20'),
(35, 8, 109, '1', '2013-04-10 23:42:20'),
(36, 8, 110, '4', '2013-04-10 23:42:20'),
(37, 8, 111, '3', '2013-04-10 23:42:20'),
(38, 9, 107, '1', '2013-04-10 23:43:40'),
(39, 9, 108, '1', '2013-04-10 23:43:40'),
(40, 9, 109, '1', '2013-04-10 23:43:40'),
(41, 9, 110, '1', '2013-04-10 23:43:40'),
(42, 9, 111, '1', '2013-04-10 23:43:40'),
(43, 10, 107, '1', '2013-04-10 23:52:14'),
(44, 10, 108, '3', '2013-04-10 23:52:14'),
(45, 10, 109, '1', '2013-04-10 23:52:15'),
(46, 10, 110, '3', '2013-04-10 23:52:15'),
(47, 10, 111, '1', '2013-04-10 23:52:15'),
(48, 11, 107, '1', '2013-04-11 00:01:58'),
(49, 11, 108, '3', '2013-04-11 00:01:59'),
(50, 11, 109, '1', '2013-04-11 00:01:59'),
(51, 11, 110, '4', '2013-04-11 00:01:59'),
(52, 11, 111, '5', '2013-04-11 00:01:59');

-- --------------------------------------------------------

--
-- Table structure for table `quiz_choice`
--

CREATE TABLE IF NOT EXISTS `quiz_choice` (
  `id_choice` int(11) NOT NULL AUTO_INCREMENT,
  `quiz_id` int(11) NOT NULL,
  `soal_id` int(11) NOT NULL,
  `option_idx` int(10) DEFAULT NULL,
  `option_text` text,
  `status` int(11) NOT NULL,
  `deleted` int(11) NOT NULL,
  `date` timestamp NOT NULL DEFAULT CURRENT_TIMESTAMP ON UPDATE CURRENT_TIMESTAMP,
  PRIMARY KEY (`id_choice`)
) ENGINE=InnoDB  DEFAULT CHARSET=latin1 AUTO_INCREMENT=551 ;

--
-- Dumping data for table `quiz_choice`
--

INSERT INTO `quiz_choice` (`id_choice`, `quiz_id`, `soal_id`, `option_idx`, `option_text`, `status`, `deleted`, `date`) VALUES
(1, 1, 1, 1, 'moodle', 1, 0, '2013-04-10 20:25:44'),
(2, 1, 1, 2, 'wordpress', 1, 0, '2013-04-10 20:25:44'),
(3, 1, 1, 3, 'drupal', 1, 0, '2013-04-10 20:25:44'),
(4, 1, 1, 4, 'pylon', 1, 0, '2013-04-10 20:25:44'),
(5, 1, 1, 5, 'django', 1, 0, '2013-04-10 20:25:45'),
(6, 1, 2, 1, 'C#', 1, 0, '2013-04-10 20:25:45'),
(7, 1, 2, 2, 'C++', 1, 0, '2013-04-10 20:25:45'),
(8, 1, 2, 3, 'Basic', 1, 0, '2013-04-10 20:25:45'),
(9, 1, 2, 4, 'Fortran', 1, 0, '2013-04-10 20:25:45'),
(10, 1, 2, 5, 'F#', 1, 0, '2013-04-10 20:25:45'),
(11, 1, 3, 1, 'Martin Dogamas', 1, 0, '2013-04-10 20:25:46'),
(12, 1, 3, 2, 'Taufik Sulaeman', 1, 0, '2013-04-10 20:25:46'),
(13, 1, 3, 3, 'Ridwan Fadjar', 1, 0, '2013-04-10 20:25:46'),
(14, 1, 3, 4, 'Yogi Sofi', 1, 0, '2013-04-10 20:25:46'),
(15, 1, 3, 5, 'Bramandityo', 1, 0, '2013-04-10 20:25:46'),
(16, 1, 4, 1, 'Taufik Hidayat', 1, 0, '2013-04-10 20:25:46'),
(17, 1, 4, 2, 'Taufik Kiemas', 1, 0, '2013-04-10 20:25:46'),
(18, 1, 4, 3, 'Taufik Samsul', 1, 0, '2013-04-10 20:25:46'),
(19, 1, 4, 4, 'Taufik Sulaeman', 1, 0, '2013-04-10 20:25:46'),
(20, 1, 4, 5, 'Taufik', 1, 0, '2013-04-10 20:25:46'),
(21, 1, 5, 1, 'Blackberry', 1, 0, '2013-04-10 20:25:47'),
(22, 1, 5, 2, 'Android', 1, 0, '2013-04-10 20:25:47'),
(23, 1, 5, 3, 'iOS', 1, 0, '2013-04-10 20:25:47'),
(24, 1, 5, 4, 'Nokia S40', 1, 0, '2013-04-10 20:25:47'),
(25, 1, 5, 5, 'Windows Phone', 1, 0, '2013-04-10 20:25:47'),
(26, 1, 6, 1, 'moodle', 1, 0, '2013-04-10 20:25:47'),
(27, 1, 6, 2, 'wordpress', 1, 0, '2013-04-10 20:25:47'),
(28, 1, 6, 3, 'drupal', 1, 0, '2013-04-10 20:25:47'),
(29, 1, 6, 4, 'pylon', 1, 0, '2013-04-10 20:25:47'),
(30, 1, 6, 5, 'django', 1, 0, '2013-04-10 20:25:47'),
(31, 1, 7, 1, 'C#', 1, 0, '2013-04-10 20:25:47'),
(32, 1, 7, 2, 'C++', 1, 0, '2013-04-10 20:25:47'),
(33, 1, 7, 3, 'Basic', 1, 0, '2013-04-10 20:25:47'),
(34, 1, 7, 4, 'Fortran', 1, 0, '2013-04-10 20:25:47'),
(35, 1, 7, 5, 'F#', 1, 0, '2013-04-10 20:25:47'),
(36, 1, 8, 1, 'Martin Dogamas', 1, 0, '2013-04-10 20:25:47'),
(37, 1, 8, 2, 'Taufik Sulaeman', 1, 0, '2013-04-10 20:25:47'),
(38, 1, 8, 3, 'Ridwan Fadjar', 1, 0, '2013-04-10 20:25:48'),
(39, 1, 8, 4, 'Yogi Sofi', 1, 0, '2013-04-10 20:25:48'),
(40, 1, 8, 5, 'Bramandityo', 1, 0, '2013-04-10 20:25:48'),
(41, 1, 9, 1, 'Taufik Hidayat', 1, 0, '2013-04-10 20:25:48'),
(42, 1, 9, 2, 'Taufik Kiemas', 1, 0, '2013-04-10 20:25:48'),
(43, 1, 9, 3, 'Taufik Samsul', 1, 0, '2013-04-10 20:25:48'),
(44, 1, 9, 4, 'Taufik Sulaeman', 1, 0, '2013-04-10 20:25:48'),
(45, 1, 9, 5, 'Taufik', 1, 0, '2013-04-10 20:25:48'),
(46, 1, 10, 1, 'Blackberry', 1, 0, '2013-04-10 20:25:48'),
(47, 1, 10, 2, 'Android', 1, 0, '2013-04-10 20:25:48'),
(48, 1, 10, 3, 'iOS', 1, 0, '2013-04-10 20:25:48'),
(49, 1, 10, 4, 'Nokia S40', 1, 0, '2013-04-10 20:25:48'),
(50, 1, 10, 5, 'Windows Phone', 1, 0, '2013-04-10 20:25:48'),
(51, 1, 11, 1, 'moodle', 1, 0, '2013-04-10 20:25:48'),
(52, 1, 11, 2, 'wordpress', 1, 0, '2013-04-10 20:25:48'),
(53, 1, 11, 3, 'drupal', 1, 0, '2013-04-10 20:25:48'),
(54, 1, 11, 4, 'pylon', 1, 0, '2013-04-10 20:25:48'),
(55, 1, 11, 5, 'django', 1, 0, '2013-04-10 20:25:48'),
(56, 1, 12, 1, 'C#', 1, 0, '2013-04-10 20:25:48'),
(57, 1, 12, 2, 'C++', 1, 0, '2013-04-10 20:25:48'),
(58, 1, 12, 3, 'Basic', 1, 0, '2013-04-10 20:25:48'),
(59, 1, 12, 4, 'Fortran', 1, 0, '2013-04-10 20:25:48'),
(60, 1, 12, 5, 'F#', 1, 0, '2013-04-10 20:25:48'),
(61, 1, 13, 1, 'Martin Dogamas', 1, 0, '2013-04-10 20:25:48'),
(62, 1, 13, 2, 'Taufik Sulaeman', 1, 0, '2013-04-10 20:25:48'),
(63, 1, 13, 3, 'Ridwan Fadjar', 1, 0, '2013-04-10 20:25:48'),
(64, 1, 13, 4, 'Yogi Sofi', 1, 0, '2013-04-10 20:25:48'),
(65, 1, 13, 5, 'Bramandityo', 1, 0, '2013-04-10 20:25:48'),
(66, 1, 14, 1, 'Taufik Hidayat', 1, 0, '2013-04-10 20:25:48'),
(67, 1, 14, 2, 'Taufik Kiemas', 1, 0, '2013-04-10 20:25:48'),
(68, 1, 14, 3, 'Taufik Samsul', 1, 0, '2013-04-10 20:25:48'),
(69, 1, 14, 4, 'Taufik Sulaeman', 1, 0, '2013-04-10 20:25:48'),
(70, 1, 14, 5, 'Taufik', 1, 0, '2013-04-10 20:25:49'),
(71, 1, 15, 1, 'Blackberry', 1, 0, '2013-04-10 20:25:49'),
(72, 1, 15, 2, 'Android', 1, 0, '2013-04-10 20:25:49'),
(73, 1, 15, 3, 'iOS', 1, 0, '2013-04-10 20:25:49'),
(74, 1, 15, 4, 'Nokia S40', 1, 0, '2013-04-10 20:25:49'),
(75, 1, 15, 5, 'Windows Phone', 1, 0, '2013-04-10 20:25:49'),
(76, 1, 16, 1, 'moodle', 1, 0, '2013-04-10 20:25:49'),
(77, 1, 16, 2, 'wordpress', 1, 0, '2013-04-10 20:25:49'),
(78, 1, 16, 3, 'drupal', 1, 0, '2013-04-10 20:25:49'),
(79, 1, 16, 4, 'pylon', 1, 0, '2013-04-10 20:25:49'),
(80, 1, 16, 5, 'django', 1, 0, '2013-04-10 20:25:49'),
(81, 1, 17, 1, 'C#', 1, 0, '2013-04-10 20:25:49'),
(82, 1, 17, 2, 'C++', 1, 0, '2013-04-10 20:25:49'),
(83, 1, 17, 3, 'Basic', 1, 0, '2013-04-10 20:25:49'),
(84, 1, 17, 4, 'Fortran', 1, 0, '2013-04-10 20:25:49'),
(85, 1, 17, 5, 'F#', 1, 0, '2013-04-10 20:25:49'),
(86, 1, 18, 1, 'Martin Dogamas', 1, 0, '2013-04-10 20:25:49'),
(87, 1, 18, 2, 'Taufik Sulaeman', 1, 0, '2013-04-10 20:25:49'),
(88, 1, 18, 3, 'Ridwan Fadjar', 1, 0, '2013-04-10 20:25:49'),
(89, 1, 18, 4, 'Yogi Sofi', 1, 0, '2013-04-10 20:25:49'),
(90, 1, 18, 5, 'Bramandityo', 1, 0, '2013-04-10 20:25:49'),
(91, 1, 19, 1, 'Taufik Hidayat', 1, 0, '2013-04-10 20:25:49'),
(92, 1, 19, 2, 'Taufik Kiemas', 1, 0, '2013-04-10 20:25:49'),
(93, 1, 19, 3, 'Taufik Samsul', 1, 0, '2013-04-10 20:25:49'),
(94, 1, 19, 4, 'Taufik Sulaeman', 1, 0, '2013-04-10 20:25:49'),
(95, 1, 19, 5, 'Taufik', 1, 0, '2013-04-10 20:25:49'),
(96, 1, 20, 1, 'Blackberry', 1, 0, '2013-04-10 20:25:49'),
(97, 1, 20, 2, 'Android', 1, 0, '2013-04-10 20:25:49'),
(98, 1, 20, 3, 'iOS', 1, 0, '2013-04-10 20:25:49'),
(99, 1, 20, 4, 'Nokia S40', 1, 0, '2013-04-10 20:25:49'),
(100, 1, 20, 5, 'Windows Phone', 1, 0, '2013-04-10 20:25:49'),
(101, 1, 21, 1, 'moodle', 1, 0, '2013-04-10 20:25:49'),
(102, 1, 21, 2, 'wordpress', 1, 0, '2013-04-10 20:25:49'),
(103, 1, 21, 3, 'drupal', 1, 0, '2013-04-10 20:25:49'),
(104, 1, 21, 4, 'pylon', 1, 0, '2013-04-10 20:25:49'),
(105, 1, 21, 5, 'django', 1, 0, '2013-04-10 20:25:49'),
(106, 1, 22, 1, 'C#', 1, 0, '2013-04-10 20:25:49'),
(107, 1, 22, 2, 'C++', 1, 0, '2013-04-10 20:25:50'),
(108, 1, 22, 3, 'Basic', 1, 0, '2013-04-10 20:25:50'),
(109, 1, 22, 4, 'Fortran', 1, 0, '2013-04-10 20:25:50'),
(110, 1, 22, 5, 'F#', 1, 0, '2013-04-10 20:25:50'),
(111, 1, 23, 1, 'Martin Dogamas', 1, 0, '2013-04-10 20:25:50'),
(112, 1, 23, 2, 'Taufik Sulaeman', 1, 0, '2013-04-10 20:25:50'),
(113, 1, 23, 3, 'Ridwan Fadjar', 1, 0, '2013-04-10 20:25:50'),
(114, 1, 23, 4, 'Yogi Sofi', 1, 0, '2013-04-10 20:25:50'),
(115, 1, 23, 5, 'Bramandityo', 1, 0, '2013-04-10 20:25:50'),
(116, 1, 24, 1, 'Taufik Hidayat', 1, 0, '2013-04-10 20:25:50'),
(117, 1, 24, 2, 'Taufik Kiemas', 1, 0, '2013-04-10 20:25:50'),
(118, 1, 24, 3, 'Taufik Samsul', 1, 0, '2013-04-10 20:25:50'),
(119, 1, 24, 4, 'Taufik Sulaeman', 1, 0, '2013-04-10 20:25:50'),
(120, 1, 24, 5, 'Taufik', 1, 0, '2013-04-10 20:25:50'),
(121, 1, 25, 1, 'Blackberry', 1, 0, '2013-04-10 20:25:50'),
(122, 1, 25, 2, 'Android', 1, 0, '2013-04-10 20:25:50'),
(123, 1, 25, 3, 'iOS', 1, 0, '2013-04-10 20:25:50'),
(124, 1, 25, 4, 'Nokia S40', 1, 0, '2013-04-10 20:25:50'),
(125, 1, 25, 5, 'Windows Phone', 1, 0, '2013-04-10 20:25:50'),
(126, 1, 26, 1, 'moodle', 1, 0, '2013-04-10 20:25:50'),
(127, 1, 26, 2, 'wordpress', 1, 0, '2013-04-10 20:25:50'),
(128, 1, 26, 3, 'drupal', 1, 0, '2013-04-10 20:25:50'),
(129, 1, 26, 4, 'pylon', 1, 0, '2013-04-10 20:25:50'),
(130, 1, 26, 5, 'django', 1, 0, '2013-04-10 20:25:50'),
(131, 1, 27, 1, 'C#', 1, 0, '2013-04-10 20:25:50'),
(132, 1, 27, 2, 'C++', 1, 0, '2013-04-10 20:25:50'),
(133, 1, 27, 3, 'Basic', 1, 0, '2013-04-10 20:25:50'),
(134, 1, 27, 4, 'Fortran', 1, 0, '2013-04-10 20:25:50'),
(135, 1, 27, 5, 'F#', 1, 0, '2013-04-10 20:25:50'),
(136, 1, 28, 1, 'Martin Dogamas', 1, 0, '2013-04-10 20:25:50'),
(137, 1, 28, 2, 'Taufik Sulaeman', 1, 0, '2013-04-10 20:25:50'),
(138, 1, 28, 3, 'Ridwan Fadjar', 1, 0, '2013-04-10 20:25:50'),
(139, 1, 28, 4, 'Yogi Sofi', 1, 0, '2013-04-10 20:25:50'),
(140, 1, 28, 5, 'Bramandityo', 1, 0, '2013-04-10 20:25:51'),
(141, 1, 29, 1, 'Taufik Hidayat', 1, 0, '2013-04-10 20:25:51'),
(142, 1, 29, 2, 'Taufik Kiemas', 1, 0, '2013-04-10 20:25:51'),
(143, 1, 29, 3, 'Taufik Samsul', 1, 0, '2013-04-10 20:25:51'),
(144, 1, 29, 4, 'Taufik Sulaeman', 1, 0, '2013-04-10 20:25:51'),
(145, 1, 29, 5, 'Taufik', 1, 0, '2013-04-10 20:25:51'),
(146, 1, 30, 1, 'Blackberry', 1, 0, '2013-04-10 20:25:51'),
(147, 1, 30, 2, 'Android', 1, 0, '2013-04-10 20:25:51'),
(148, 1, 30, 3, 'iOS', 1, 0, '2013-04-10 20:25:51'),
(149, 1, 30, 4, 'Nokia S40', 1, 0, '2013-04-10 20:25:51'),
(150, 1, 30, 5, 'Windows Phone', 1, 0, '2013-04-10 20:25:51'),
(151, 1, 31, 1, 'moodle', 1, 0, '2013-04-10 20:25:51'),
(152, 1, 31, 2, 'wordpress', 1, 0, '2013-04-10 20:25:51'),
(153, 1, 31, 3, 'drupal', 1, 0, '2013-04-10 20:25:51'),
(154, 1, 31, 4, 'pylon', 1, 0, '2013-04-10 20:25:51'),
(155, 1, 31, 5, 'django', 1, 0, '2013-04-10 20:25:51'),
(156, 1, 32, 1, 'C#', 1, 0, '2013-04-10 20:25:51'),
(157, 1, 32, 2, 'C++', 1, 0, '2013-04-10 20:25:51'),
(158, 1, 32, 3, 'Basic', 1, 0, '2013-04-10 20:25:51'),
(159, 1, 32, 4, 'Fortran', 1, 0, '2013-04-10 20:25:51'),
(160, 1, 32, 5, 'F#', 1, 0, '2013-04-10 20:25:51'),
(161, 1, 33, 1, 'Martin Dogamas', 1, 0, '2013-04-10 20:25:51'),
(162, 1, 33, 2, 'Taufik Sulaeman', 1, 0, '2013-04-10 20:25:51'),
(163, 1, 33, 3, 'Ridwan Fadjar', 1, 0, '2013-04-10 20:25:51'),
(164, 1, 33, 4, 'Yogi Sofi', 1, 0, '2013-04-10 20:25:51'),
(165, 1, 33, 5, 'Bramandityo', 1, 0, '2013-04-10 20:25:52'),
(166, 1, 34, 1, 'Taufik Hidayat', 1, 0, '2013-04-10 20:25:52'),
(167, 1, 34, 2, 'Taufik Kiemas', 1, 0, '2013-04-10 20:25:52'),
(168, 1, 34, 3, 'Taufik Samsul', 1, 0, '2013-04-10 20:25:52'),
(169, 1, 34, 4, 'Taufik Sulaeman', 1, 0, '2013-04-10 20:25:52'),
(170, 1, 34, 5, 'Taufik', 1, 0, '2013-04-10 20:25:52'),
(171, 1, 35, 1, 'Blackberry', 1, 0, '2013-04-10 20:25:52'),
(172, 1, 35, 2, 'Android', 1, 0, '2013-04-10 20:25:52'),
(173, 1, 35, 3, 'iOS', 1, 0, '2013-04-10 20:25:52'),
(174, 1, 35, 4, 'Nokia S40', 1, 0, '2013-04-10 20:25:52'),
(175, 1, 35, 5, 'Windows Phone', 1, 0, '2013-04-10 20:25:52'),
(176, 1, 36, 1, 'moodle', 1, 0, '2013-04-10 20:25:52'),
(177, 1, 36, 2, 'wordpress', 1, 0, '2013-04-10 20:25:52'),
(178, 1, 36, 3, 'drupal', 1, 0, '2013-04-10 20:25:52'),
(179, 1, 36, 4, 'pylon', 1, 0, '2013-04-10 20:25:52'),
(180, 1, 36, 5, 'django', 1, 0, '2013-04-10 20:25:52'),
(181, 1, 37, 1, 'C#', 1, 0, '2013-04-10 20:25:52'),
(182, 1, 37, 2, 'C++', 1, 0, '2013-04-10 20:25:52'),
(183, 1, 37, 3, 'Basic', 1, 0, '2013-04-10 20:25:52'),
(184, 1, 37, 4, 'Fortran', 1, 0, '2013-04-10 20:25:52'),
(185, 1, 37, 5, 'F#', 1, 0, '2013-04-10 20:25:52'),
(186, 1, 38, 1, 'Martin Dogamas', 1, 0, '2013-04-10 20:25:52'),
(187, 1, 38, 2, 'Taufik Sulaeman', 1, 0, '2013-04-10 20:25:52'),
(188, 1, 38, 3, 'Ridwan Fadjar', 1, 0, '2013-04-10 20:25:52'),
(189, 1, 38, 4, 'Yogi Sofi', 1, 0, '2013-04-10 20:25:52'),
(190, 1, 38, 5, 'Bramandityo', 1, 0, '2013-04-10 20:25:52'),
(191, 1, 39, 1, 'Taufik Hidayat', 1, 0, '2013-04-10 20:25:52'),
(192, 1, 39, 2, 'Taufik Kiemas', 1, 0, '2013-04-10 20:25:52'),
(193, 1, 39, 3, 'Taufik Samsul', 1, 0, '2013-04-10 20:25:52'),
(194, 1, 39, 4, 'Taufik Sulaeman', 1, 0, '2013-04-10 20:25:52'),
(195, 1, 39, 5, 'Taufik', 1, 0, '2013-04-10 20:25:52'),
(196, 1, 40, 1, 'Blackberry', 1, 0, '2013-04-10 20:25:52'),
(197, 1, 40, 2, 'Android', 1, 0, '2013-04-10 20:25:53'),
(198, 1, 40, 3, 'iOS', 1, 0, '2013-04-10 20:25:53'),
(199, 1, 40, 4, 'Nokia S40', 1, 0, '2013-04-10 20:25:53'),
(200, 1, 40, 5, 'Windows Phone', 1, 0, '2013-04-10 20:25:53'),
(201, 1, 41, 1, 'moodle', 1, 0, '2013-04-10 20:25:53'),
(202, 1, 41, 2, 'wordpress', 1, 0, '2013-04-10 20:25:53'),
(203, 1, 41, 3, 'drupal', 1, 0, '2013-04-10 20:25:53'),
(204, 1, 41, 4, 'pylon', 1, 0, '2013-04-10 20:25:53'),
(205, 1, 41, 5, 'django', 1, 0, '2013-04-10 20:25:53'),
(206, 1, 42, 1, 'C#', 1, 0, '2013-04-10 20:25:53'),
(207, 1, 42, 2, 'C++', 1, 0, '2013-04-10 20:25:53'),
(208, 1, 42, 3, 'Basic', 1, 0, '2013-04-10 20:25:53'),
(209, 1, 42, 4, 'Fortran', 1, 0, '2013-04-10 20:25:53'),
(210, 1, 42, 5, 'F#', 1, 0, '2013-04-10 20:25:53'),
(211, 1, 43, 1, 'Martin Dogamas', 1, 0, '2013-04-10 20:25:53'),
(212, 1, 43, 2, 'Taufik Sulaeman', 1, 0, '2013-04-10 20:25:53'),
(213, 1, 43, 3, 'Ridwan Fadjar', 1, 0, '2013-04-10 20:25:53'),
(214, 1, 43, 4, 'Yogi Sofi', 1, 0, '2013-04-10 20:25:53'),
(215, 1, 43, 5, 'Bramandityo', 1, 0, '2013-04-10 20:25:53'),
(216, 1, 44, 1, 'Taufik Hidayat', 1, 0, '2013-04-10 20:25:53'),
(217, 1, 44, 2, 'Taufik Kiemas', 1, 0, '2013-04-10 20:25:53'),
(218, 1, 44, 3, 'Taufik Samsul', 1, 0, '2013-04-10 20:25:53'),
(219, 1, 44, 4, 'Taufik Sulaeman', 1, 0, '2013-04-10 20:25:53'),
(220, 1, 44, 5, 'Taufik', 1, 0, '2013-04-10 20:25:53'),
(221, 1, 45, 1, 'Blackberry', 1, 0, '2013-04-10 20:25:53'),
(222, 1, 45, 2, 'Android', 1, 0, '2013-04-10 20:25:53'),
(223, 1, 45, 3, 'iOS', 1, 0, '2013-04-10 20:25:53'),
(224, 1, 45, 4, 'Nokia S40', 1, 0, '2013-04-10 20:25:53'),
(225, 1, 45, 5, 'Windows Phone', 1, 0, '2013-04-10 20:25:53'),
(226, 1, 46, 1, 'moodle', 1, 0, '2013-04-10 20:25:53'),
(227, 1, 46, 2, 'wordpress', 1, 0, '2013-04-10 20:25:53'),
(228, 1, 46, 3, 'drupal', 1, 0, '2013-04-10 20:25:53'),
(229, 1, 46, 4, 'pylon', 1, 0, '2013-04-10 20:25:53'),
(230, 1, 46, 5, 'django', 1, 0, '2013-04-10 20:25:53'),
(231, 1, 47, 1, 'C#', 1, 0, '2013-04-10 20:25:54'),
(232, 1, 47, 2, 'C++', 1, 0, '2013-04-10 20:25:54'),
(233, 1, 47, 3, 'Basic', 1, 0, '2013-04-10 20:25:54'),
(234, 1, 47, 4, 'Fortran', 1, 0, '2013-04-10 20:25:54'),
(235, 1, 47, 5, 'F#', 1, 0, '2013-04-10 20:25:54'),
(236, 1, 48, 1, 'Martin Dogamas', 1, 0, '2013-04-10 20:25:54'),
(237, 1, 48, 2, 'Taufik Sulaeman', 1, 0, '2013-04-10 20:25:54'),
(238, 1, 48, 3, 'Ridwan Fadjar', 1, 0, '2013-04-10 20:25:54'),
(239, 1, 48, 4, 'Yogi Sofi', 1, 0, '2013-04-10 20:25:54'),
(240, 1, 48, 5, 'Bramandityo', 1, 0, '2013-04-10 20:25:54'),
(241, 1, 49, 1, 'Taufik Hidayat', 1, 0, '2013-04-10 20:25:54'),
(242, 1, 49, 2, 'Taufik Kiemas', 1, 0, '2013-04-10 20:25:54'),
(243, 1, 49, 3, 'Taufik Samsul', 1, 0, '2013-04-10 20:25:54'),
(244, 1, 49, 4, 'Taufik Sulaeman', 1, 0, '2013-04-10 20:25:54'),
(245, 1, 49, 5, 'Taufik', 1, 0, '2013-04-10 20:25:54'),
(246, 1, 50, 1, 'Blackberry', 1, 0, '2013-04-10 20:25:54'),
(247, 1, 50, 2, 'Android', 1, 0, '2013-04-10 20:25:54'),
(248, 1, 50, 3, 'iOS', 1, 0, '2013-04-10 20:25:54'),
(249, 1, 50, 4, 'Nokia S40', 1, 0, '2013-04-10 20:25:54'),
(250, 1, 50, 5, 'Windows Phone', 1, 0, '2013-04-10 20:25:54'),
(251, 1, 51, 1, 'moodle', 1, 0, '2013-04-10 20:25:54'),
(252, 1, 51, 2, 'wordpress', 1, 0, '2013-04-10 20:25:54'),
(253, 1, 51, 3, 'drupal', 1, 0, '2013-04-10 20:25:54'),
(254, 1, 51, 4, 'pylon', 1, 0, '2013-04-10 20:25:54'),
(255, 1, 51, 5, 'django', 1, 0, '2013-04-10 20:25:54'),
(256, 1, 52, 1, 'C#', 1, 0, '2013-04-10 20:25:54'),
(257, 1, 52, 2, 'C++', 1, 0, '2013-04-10 20:25:54'),
(258, 1, 52, 3, 'Basic', 1, 0, '2013-04-10 20:25:54'),
(259, 1, 52, 4, 'Fortran', 1, 0, '2013-04-10 20:25:54'),
(260, 1, 52, 5, 'F#', 1, 0, '2013-04-10 20:25:54'),
(261, 1, 53, 1, 'Martin Dogamas', 1, 0, '2013-04-10 20:25:54'),
(262, 1, 53, 2, 'Taufik Sulaeman', 1, 0, '2013-04-10 20:25:54'),
(263, 1, 53, 3, 'Ridwan Fadjar', 1, 0, '2013-04-10 20:25:54'),
(264, 1, 53, 4, 'Yogi Sofi', 1, 0, '2013-04-10 20:25:55'),
(265, 1, 53, 5, 'Bramandityo', 1, 0, '2013-04-10 20:25:55'),
(266, 1, 54, 1, 'Taufik Hidayat', 1, 0, '2013-04-10 20:25:55'),
(267, 1, 54, 2, 'Taufik Kiemas', 1, 0, '2013-04-10 20:25:55'),
(268, 1, 54, 3, 'Taufik Samsul', 1, 0, '2013-04-10 20:25:55'),
(269, 1, 54, 4, 'Taufik Sulaeman', 1, 0, '2013-04-10 20:25:55'),
(270, 1, 54, 5, 'Taufik', 1, 0, '2013-04-10 20:25:55'),
(271, 1, 55, 1, 'Blackberry', 1, 0, '2013-04-10 20:25:55'),
(272, 1, 55, 2, 'Android', 1, 0, '2013-04-10 20:25:55'),
(273, 1, 55, 3, 'iOS', 1, 0, '2013-04-10 20:25:55'),
(274, 1, 55, 4, 'Nokia S40', 1, 0, '2013-04-10 20:25:55'),
(275, 1, 55, 5, 'Windows Phone', 1, 0, '2013-04-10 20:25:55'),
(276, 1, 56, 1, 'moodle', 1, 0, '2013-04-10 20:25:55'),
(277, 1, 56, 2, 'wordpress', 1, 0, '2013-04-10 20:25:55'),
(278, 1, 56, 3, 'drupal', 1, 0, '2013-04-10 20:25:55'),
(279, 1, 56, 4, 'pylon', 1, 0, '2013-04-10 20:25:55'),
(280, 1, 56, 5, 'django', 1, 0, '2013-04-10 20:25:55'),
(281, 1, 57, 1, 'C#', 1, 0, '2013-04-10 20:25:55'),
(282, 1, 57, 2, 'C++', 1, 0, '2013-04-10 20:25:55'),
(283, 1, 57, 3, 'Basic', 1, 0, '2013-04-10 20:25:55'),
(284, 1, 57, 4, 'Fortran', 1, 0, '2013-04-10 20:25:55'),
(285, 1, 57, 5, 'F#', 1, 0, '2013-04-10 20:25:55'),
(286, 1, 58, 1, 'Martin Dogamas', 1, 0, '2013-04-10 20:25:55'),
(287, 1, 58, 2, 'Taufik Sulaeman', 1, 0, '2013-04-10 20:25:55'),
(288, 1, 58, 3, 'Ridwan Fadjar', 1, 0, '2013-04-10 20:25:55'),
(289, 1, 58, 4, 'Yogi Sofi', 1, 0, '2013-04-10 20:25:55'),
(290, 1, 58, 5, 'Bramandityo', 1, 0, '2013-04-10 20:25:55'),
(291, 1, 59, 1, 'Taufik Hidayat', 1, 0, '2013-04-10 20:25:55'),
(292, 1, 59, 2, 'Taufik Kiemas', 1, 0, '2013-04-10 20:25:55'),
(293, 1, 59, 3, 'Taufik Samsul', 1, 0, '2013-04-10 20:25:55'),
(294, 1, 59, 4, 'Taufik Sulaeman', 1, 0, '2013-04-10 20:25:55'),
(295, 1, 59, 5, 'Taufik', 1, 0, '2013-04-10 20:25:55'),
(296, 1, 60, 1, 'Blackberry', 1, 0, '2013-04-10 20:25:55'),
(297, 1, 60, 2, 'Android', 1, 0, '2013-04-10 20:25:55'),
(298, 1, 60, 3, 'iOS', 1, 0, '2013-04-10 20:25:55'),
(299, 1, 60, 4, 'Nokia S40', 1, 0, '2013-04-10 20:25:55'),
(300, 1, 60, 5, 'Windows Phone', 1, 0, '2013-04-10 20:25:56'),
(301, 1, 61, 1, 'moodle', 1, 0, '2013-04-10 20:25:56'),
(302, 1, 61, 2, 'wordpress', 1, 0, '2013-04-10 20:25:56'),
(303, 1, 61, 3, 'drupal', 1, 0, '2013-04-10 20:25:56'),
(304, 1, 61, 4, 'pylon', 1, 0, '2013-04-10 20:25:56'),
(305, 1, 61, 5, 'django', 1, 0, '2013-04-10 20:25:56'),
(306, 1, 62, 1, 'C#', 1, 0, '2013-04-10 20:25:56'),
(307, 1, 62, 2, 'C++', 1, 0, '2013-04-10 20:25:56'),
(308, 1, 62, 3, 'Basic', 1, 0, '2013-04-10 20:25:56'),
(309, 1, 62, 4, 'Fortran', 1, 0, '2013-04-10 20:25:56'),
(310, 1, 62, 5, 'F#', 1, 0, '2013-04-10 20:25:56'),
(311, 1, 63, 1, 'Martin Dogamas', 1, 0, '2013-04-10 20:25:56'),
(312, 1, 63, 2, 'Taufik Sulaeman', 1, 0, '2013-04-10 20:25:56'),
(313, 1, 63, 3, 'Ridwan Fadjar', 1, 0, '2013-04-10 20:25:56'),
(314, 1, 63, 4, 'Yogi Sofi', 1, 0, '2013-04-10 20:25:56'),
(315, 1, 63, 5, 'Bramandityo', 1, 0, '2013-04-10 20:25:56'),
(316, 1, 64, 1, 'Taufik Hidayat', 1, 0, '2013-04-10 20:25:56'),
(317, 1, 64, 2, 'Taufik Kiemas', 1, 0, '2013-04-10 20:25:56'),
(318, 1, 64, 3, 'Taufik Samsul', 1, 0, '2013-04-10 20:25:56'),
(319, 1, 64, 4, 'Taufik Sulaeman', 1, 0, '2013-04-10 20:25:56'),
(320, 1, 64, 5, 'Taufik', 1, 0, '2013-04-10 20:25:56'),
(321, 1, 65, 1, 'Blackberry', 1, 0, '2013-04-10 20:25:56'),
(322, 1, 65, 2, 'Android', 1, 0, '2013-04-10 20:25:56'),
(323, 1, 65, 3, 'iOS', 1, 0, '2013-04-10 20:25:56'),
(324, 1, 65, 4, 'Nokia S40', 1, 0, '2013-04-10 20:25:56'),
(325, 1, 65, 5, 'Windows Phone', 1, 0, '2013-04-10 20:25:56'),
(326, 1, 66, 1, 'moodle', 1, 0, '2013-04-10 20:25:56'),
(327, 1, 66, 2, 'wordpress', 1, 0, '2013-04-10 20:25:56'),
(328, 1, 66, 3, 'drupal', 1, 0, '2013-04-10 20:25:56'),
(329, 1, 66, 4, 'pylon', 1, 0, '2013-04-10 20:25:56'),
(330, 1, 66, 5, 'django', 1, 0, '2013-04-10 20:25:56'),
(331, 1, 67, 1, 'C#', 1, 0, '2013-04-10 20:25:56'),
(332, 1, 67, 2, 'C++', 1, 0, '2013-04-10 20:25:56'),
(333, 1, 67, 3, 'Basic', 1, 0, '2013-04-10 20:25:56'),
(334, 1, 67, 4, 'Fortran', 1, 0, '2013-04-10 20:25:56'),
(335, 1, 67, 5, 'F#', 1, 0, '2013-04-10 20:25:57'),
(336, 1, 68, 1, 'Martin Dogamas', 1, 0, '2013-04-10 20:25:57'),
(337, 1, 68, 2, 'Taufik Sulaeman', 1, 0, '2013-04-10 20:25:57'),
(338, 1, 68, 3, 'Ridwan Fadjar', 1, 0, '2013-04-10 20:25:57'),
(339, 1, 68, 4, 'Yogi Sofi', 1, 0, '2013-04-10 20:25:57'),
(340, 1, 68, 5, 'Bramandityo', 1, 0, '2013-04-10 20:25:57'),
(341, 1, 69, 1, 'Taufik Hidayat', 1, 0, '2013-04-10 20:25:57'),
(342, 1, 69, 2, 'Taufik Kiemas', 1, 0, '2013-04-10 20:25:57'),
(343, 1, 69, 3, 'Taufik Samsul', 1, 0, '2013-04-10 20:25:57'),
(344, 1, 69, 4, 'Taufik Sulaeman', 1, 0, '2013-04-10 20:25:57'),
(345, 1, 69, 5, 'Taufik', 1, 0, '2013-04-10 20:25:57'),
(346, 1, 70, 1, 'Blackberry', 1, 0, '2013-04-10 20:25:57'),
(347, 1, 70, 2, 'Android', 1, 0, '2013-04-10 20:25:57'),
(348, 1, 70, 3, 'iOS', 1, 0, '2013-04-10 20:25:57'),
(349, 1, 70, 4, 'Nokia S40', 1, 0, '2013-04-10 20:25:57'),
(350, 1, 70, 5, 'Windows Phone', 1, 0, '2013-04-10 20:25:57'),
(351, 1, 71, 1, 'moodle', 1, 0, '2013-04-10 20:25:57'),
(352, 1, 71, 2, 'wordpress', 1, 0, '2013-04-10 20:25:57'),
(353, 1, 71, 3, 'drupal', 1, 0, '2013-04-10 20:25:57'),
(354, 1, 71, 4, 'pylon', 1, 0, '2013-04-10 20:25:57'),
(355, 1, 71, 5, 'django', 1, 0, '2013-04-10 20:25:57'),
(356, 1, 72, 1, 'C#', 1, 0, '2013-04-10 20:25:57'),
(357, 1, 72, 2, 'C++', 1, 0, '2013-04-10 20:25:57'),
(358, 1, 72, 3, 'Basic', 1, 0, '2013-04-10 20:25:57'),
(359, 1, 72, 4, 'Fortran', 1, 0, '2013-04-10 20:25:57'),
(360, 1, 72, 5, 'F#', 1, 0, '2013-04-10 20:25:57'),
(361, 1, 73, 1, 'Martin Dogamas', 1, 0, '2013-04-10 20:25:58'),
(362, 1, 73, 2, 'Taufik Sulaeman', 1, 0, '2013-04-10 20:25:58'),
(363, 1, 73, 3, 'Ridwan Fadjar', 1, 0, '2013-04-10 20:25:58'),
(364, 1, 73, 4, 'Yogi Sofi', 1, 0, '2013-04-10 20:25:58'),
(365, 1, 73, 5, 'Bramandityo', 1, 0, '2013-04-10 20:25:58'),
(366, 1, 74, 1, 'Taufik Hidayat', 1, 0, '2013-04-10 20:25:58'),
(367, 1, 74, 2, 'Taufik Kiemas', 1, 0, '2013-04-10 20:25:58'),
(368, 1, 74, 3, 'Taufik Samsul', 1, 0, '2013-04-10 20:25:58'),
(369, 1, 74, 4, 'Taufik Sulaeman', 1, 0, '2013-04-10 20:25:58'),
(370, 1, 74, 5, 'Taufik', 1, 0, '2013-04-10 20:25:58'),
(371, 1, 75, 1, 'Blackberry', 1, 0, '2013-04-10 20:25:58'),
(372, 1, 75, 2, 'Android', 1, 0, '2013-04-10 20:25:58'),
(373, 1, 75, 3, 'iOS', 1, 0, '2013-04-10 20:25:59'),
(374, 1, 75, 4, 'Nokia S40', 1, 0, '2013-04-10 20:25:59'),
(375, 1, 75, 5, 'Windows Phone', 1, 0, '2013-04-10 20:25:59'),
(376, 1, 76, 1, 'moodle', 1, 0, '2013-04-10 20:25:59'),
(377, 1, 76, 2, 'wordpress', 1, 0, '2013-04-10 20:25:59'),
(378, 1, 76, 3, 'drupal', 1, 0, '2013-04-10 20:25:59'),
(379, 1, 76, 4, 'pylon', 1, 0, '2013-04-10 20:25:59'),
(380, 1, 76, 5, 'django', 1, 0, '2013-04-10 20:25:59'),
(381, 1, 77, 1, 'C#', 1, 0, '2013-04-10 20:25:59'),
(382, 1, 77, 2, 'C++', 1, 0, '2013-04-10 20:25:59'),
(383, 1, 77, 3, 'Basic', 1, 0, '2013-04-10 20:25:59'),
(384, 1, 77, 4, 'Fortran', 1, 0, '2013-04-10 20:25:59'),
(385, 1, 77, 5, 'F#', 1, 0, '2013-04-10 20:25:59'),
(386, 1, 78, 1, 'Martin Dogamas', 1, 0, '2013-04-10 20:26:00'),
(387, 1, 78, 2, 'Taufik Sulaeman', 1, 0, '2013-04-10 20:26:00'),
(388, 1, 78, 3, 'Ridwan Fadjar', 1, 0, '2013-04-10 20:26:00'),
(389, 1, 78, 4, 'Yogi Sofi', 1, 0, '2013-04-10 20:26:00'),
(390, 1, 78, 5, 'Bramandityo', 1, 0, '2013-04-10 20:26:00'),
(391, 1, 79, 1, 'Taufik Hidayat', 1, 0, '2013-04-10 20:26:00'),
(392, 1, 79, 2, 'Taufik Kiemas', 1, 0, '2013-04-10 20:26:00'),
(393, 1, 79, 3, 'Taufik Samsul', 1, 0, '2013-04-10 20:26:00'),
(394, 1, 79, 4, 'Taufik Sulaeman', 1, 0, '2013-04-10 20:26:00'),
(395, 1, 79, 5, 'Taufik', 1, 0, '2013-04-10 20:26:00'),
(396, 1, 80, 1, 'Blackberry', 1, 0, '2013-04-10 20:26:00'),
(397, 1, 80, 2, 'Android', 1, 0, '2013-04-10 20:26:01'),
(398, 1, 80, 3, 'iOS', 1, 0, '2013-04-10 20:26:01'),
(399, 1, 80, 4, 'Nokia S40', 1, 0, '2013-04-10 20:26:01'),
(400, 1, 80, 5, 'Windows Phone', 1, 0, '2013-04-10 20:26:01'),
(401, 1, 81, 1, 'moodle', 1, 0, '2013-04-10 20:26:01'),
(402, 1, 81, 2, 'wordpress', 1, 0, '2013-04-10 20:26:01'),
(403, 1, 81, 3, 'drupal', 1, 0, '2013-04-10 20:26:01'),
(404, 1, 81, 4, 'pylon', 1, 0, '2013-04-10 20:26:01'),
(405, 1, 81, 5, 'django', 1, 0, '2013-04-10 20:26:01'),
(406, 1, 82, 1, 'C#', 1, 0, '2013-04-10 20:26:02'),
(407, 1, 82, 2, 'C++', 1, 0, '2013-04-10 20:26:02'),
(408, 1, 82, 3, 'Basic', 1, 0, '2013-04-10 20:26:02'),
(409, 1, 82, 4, 'Fortran', 1, 0, '2013-04-10 20:26:02'),
(410, 1, 82, 5, 'F#', 1, 0, '2013-04-10 20:26:02'),
(411, 1, 83, 1, 'Martin Dogamas', 1, 0, '2013-04-10 20:26:02'),
(412, 1, 83, 2, 'Taufik Sulaeman', 1, 0, '2013-04-10 20:26:02'),
(413, 1, 83, 3, 'Ridwan Fadjar', 1, 0, '2013-04-10 20:26:02'),
(414, 1, 83, 4, 'Yogi Sofi', 1, 0, '2013-04-10 20:26:03'),
(415, 1, 83, 5, 'Bramandityo', 1, 0, '2013-04-10 20:26:03'),
(416, 1, 84, 1, 'Taufik Hidayat', 1, 0, '2013-04-10 20:26:03'),
(417, 1, 84, 2, 'Taufik Kiemas', 1, 0, '2013-04-10 20:26:03'),
(418, 1, 84, 3, 'Taufik Samsul', 1, 0, '2013-04-10 20:26:03'),
(419, 1, 84, 4, 'Taufik Sulaeman', 1, 0, '2013-04-10 20:26:03'),
(420, 1, 84, 5, 'Taufik', 1, 0, '2013-04-10 20:26:03'),
(421, 1, 85, 1, 'Blackberry', 1, 0, '2013-04-10 20:26:03'),
(422, 1, 85, 2, 'Android', 1, 0, '2013-04-10 20:26:03'),
(423, 1, 85, 3, 'iOS', 1, 0, '2013-04-10 20:26:04'),
(424, 1, 85, 4, 'Nokia S40', 1, 0, '2013-04-10 20:26:04'),
(425, 1, 85, 5, 'Windows Phone', 1, 0, '2013-04-10 20:26:04'),
(426, 1, 86, 1, 'moodle', 1, 0, '2013-04-10 20:26:04'),
(427, 1, 86, 2, 'wordpress', 1, 0, '2013-04-10 20:26:05'),
(428, 1, 86, 3, 'drupal', 1, 0, '2013-04-10 20:26:05'),
(429, 1, 86, 4, 'pylon', 1, 0, '2013-04-10 20:26:05'),
(430, 1, 86, 5, 'django', 1, 0, '2013-04-10 20:26:05'),
(431, 1, 87, 1, 'C#', 1, 0, '2013-04-10 20:26:06'),
(432, 1, 87, 2, 'C++', 1, 0, '2013-04-10 20:26:06'),
(433, 1, 87, 3, 'Basic', 1, 0, '2013-04-10 20:26:06'),
(434, 1, 87, 4, 'Fortran', 1, 0, '2013-04-10 20:26:06'),
(435, 1, 87, 5, 'F#', 1, 0, '2013-04-10 20:26:06'),
(436, 1, 88, 1, 'Martin Dogamas', 1, 0, '2013-04-10 20:26:07'),
(437, 1, 88, 2, 'Taufik Sulaeman', 1, 0, '2013-04-10 20:26:07'),
(438, 1, 88, 3, 'Ridwan Fadjar', 1, 0, '2013-04-10 20:26:07'),
(439, 1, 88, 4, 'Yogi Sofi', 1, 0, '2013-04-10 20:26:07'),
(440, 1, 88, 5, 'Bramandityo', 1, 0, '2013-04-10 20:26:07'),
(441, 1, 89, 1, 'Taufik Hidayat', 1, 0, '2013-04-10 20:26:07'),
(442, 1, 89, 2, 'Taufik Kiemas', 1, 0, '2013-04-10 20:26:08'),
(443, 1, 89, 3, 'Taufik Samsul', 1, 0, '2013-04-10 20:26:08'),
(444, 1, 89, 4, 'Taufik Sulaeman', 1, 0, '2013-04-10 20:26:08'),
(445, 1, 89, 5, 'Taufik', 1, 0, '2013-04-10 20:26:08'),
(446, 1, 90, 1, 'Blackberry', 1, 0, '2013-04-10 20:26:08'),
(447, 1, 90, 2, 'Android', 1, 0, '2013-04-10 20:26:09'),
(448, 1, 90, 3, 'iOS', 1, 0, '2013-04-10 20:26:09'),
(449, 1, 90, 4, 'Nokia S40', 1, 0, '2013-04-10 20:26:09'),
(450, 1, 90, 5, 'Windows Phone', 1, 0, '2013-04-10 20:26:09'),
(451, 1, 91, 1, 'moodle', 1, 0, '2013-04-10 20:26:09'),
(452, 1, 91, 2, 'wordpress', 1, 0, '2013-04-10 20:26:09'),
(453, 1, 91, 3, 'drupal', 1, 0, '2013-04-10 20:26:10'),
(454, 1, 91, 4, 'pylon', 1, 0, '2013-04-10 20:26:10'),
(455, 1, 91, 5, 'django', 1, 0, '2013-04-10 20:26:10'),
(456, 1, 92, 1, 'C#', 1, 0, '2013-04-10 20:26:10'),
(457, 1, 92, 2, 'C++', 1, 0, '2013-04-10 20:26:10'),
(458, 1, 92, 3, 'Basic', 1, 0, '2013-04-10 20:26:11'),
(459, 1, 92, 4, 'Fortran', 1, 0, '2013-04-10 20:26:11'),
(460, 1, 92, 5, 'F#', 1, 0, '2013-04-10 20:26:11'),
(461, 1, 93, 1, 'Martin Dogamas', 1, 0, '2013-04-10 20:26:11'),
(462, 1, 93, 2, 'Taufik Sulaeman', 1, 0, '2013-04-10 20:26:11'),
(463, 1, 93, 3, 'Ridwan Fadjar', 1, 0, '2013-04-10 20:26:12'),
(464, 1, 93, 4, 'Yogi Sofi', 1, 0, '2013-04-10 20:26:12'),
(465, 1, 93, 5, 'Bramandityo', 1, 0, '2013-04-10 20:26:12'),
(466, 1, 94, 1, 'Taufik Hidayat', 1, 0, '2013-04-10 20:26:12'),
(467, 1, 94, 2, 'Taufik Kiemas', 1, 0, '2013-04-10 20:26:12'),
(468, 1, 94, 3, 'Taufik Samsul', 1, 0, '2013-04-10 20:26:13'),
(469, 1, 94, 4, 'Taufik Sulaeman', 1, 0, '2013-04-10 20:26:13'),
(470, 1, 94, 5, 'Taufik', 1, 0, '2013-04-10 20:26:13'),
(471, 1, 95, 1, 'Blackberry', 1, 0, '2013-04-10 20:26:14'),
(472, 1, 95, 2, 'Android', 1, 0, '2013-04-10 20:26:14'),
(473, 1, 95, 3, 'iOS', 1, 0, '2013-04-10 20:26:14'),
(474, 1, 95, 4, 'Nokia S40', 1, 0, '2013-04-10 20:26:14'),
(475, 1, 95, 5, 'Windows Phone', 1, 0, '2013-04-10 20:26:14'),
(476, 1, 96, 1, 'moodle', 1, 0, '2013-04-10 20:26:15'),
(477, 1, 96, 2, 'wordpress', 1, 0, '2013-04-10 20:26:15'),
(478, 1, 96, 3, 'drupal', 1, 0, '2013-04-10 20:26:15'),
(479, 1, 96, 4, 'pylon', 1, 0, '2013-04-10 20:26:15'),
(480, 1, 96, 5, 'django', 1, 0, '2013-04-10 20:26:15'),
(481, 1, 97, 1, 'C#', 1, 0, '2013-04-10 20:26:15'),
(482, 1, 97, 2, 'C++', 1, 0, '2013-04-10 20:26:15'),
(483, 1, 97, 3, 'Basic', 1, 0, '2013-04-10 20:26:15'),
(484, 1, 97, 4, 'Fortran', 1, 0, '2013-04-10 20:26:15'),
(485, 1, 97, 5, 'F#', 1, 0, '2013-04-10 20:26:15'),
(486, 1, 98, 1, 'Martin Dogamas', 1, 0, '2013-04-10 20:26:16'),
(487, 1, 98, 2, 'Taufik Sulaeman', 1, 0, '2013-04-10 20:26:16'),
(488, 1, 98, 3, 'Ridwan Fadjar', 1, 0, '2013-04-10 20:26:16'),
(489, 1, 98, 4, 'Yogi Sofi', 1, 0, '2013-04-10 20:26:16'),
(490, 1, 98, 5, 'Bramandityo', 1, 0, '2013-04-10 20:26:16'),
(491, 1, 99, 1, 'Taufik Hidayat', 1, 0, '2013-04-10 20:26:16'),
(492, 1, 99, 2, 'Taufik Kiemas', 1, 0, '2013-04-10 20:26:16'),
(493, 1, 99, 3, 'Taufik Samsul', 1, 0, '2013-04-10 20:26:16'),
(494, 1, 99, 4, 'Taufik Sulaeman', 1, 0, '2013-04-10 20:26:16'),
(495, 1, 99, 5, 'Taufik', 1, 0, '2013-04-10 20:26:16'),
(496, 1, 100, 1, 'Blackberry', 1, 0, '2013-04-10 20:26:17'),
(497, 1, 100, 2, 'Android', 1, 0, '2013-04-10 20:26:17'),
(498, 1, 100, 3, 'iOS', 1, 0, '2013-04-10 20:26:17'),
(499, 1, 100, 4, 'Nokia S40', 1, 0, '2013-04-10 20:26:17'),
(500, 1, 100, 5, 'Windows Phone', 1, 0, '2013-04-10 20:26:17'),
(501, 1, 101, 1, 'moodle', 1, 0, '2013-04-10 20:26:17'),
(502, 1, 101, 2, 'wordpress', 1, 0, '2013-04-10 20:26:17'),
(503, 1, 101, 3, 'drupal', 1, 0, '2013-04-10 20:26:18'),
(504, 1, 101, 4, 'pylon', 1, 0, '2013-04-10 20:26:18'),
(505, 1, 101, 5, 'django', 1, 0, '2013-04-10 20:26:18'),
(506, 2, 102, 0, 'Soekarno', 1, 0, '2013-04-10 21:58:38'),
(507, 2, 102, 0, 'Soeharto', 1, 0, '2013-04-10 21:58:39'),
(508, 2, 102, 0, 'Soeparjo', 1, 0, '2013-04-10 21:58:39'),
(509, 2, 102, 0, 'Soekarto', 1, 0, '2013-04-10 21:58:39'),
(510, 2, 103, 0, 'gajah', 1, 0, '2013-04-10 21:58:39'),
(511, 2, 103, 0, 'jerapah', 1, 0, '2013-04-10 21:58:39'),
(512, 2, 103, 0, 'badak', 1, 0, '2013-04-10 21:58:39'),
(513, 2, 103, 0, 'monyet', 1, 0, '2013-04-10 21:58:39'),
(514, 2, 104, 0, 'vabel', 1, 0, '2013-04-10 21:58:39'),
(515, 2, 104, 0, 'fabel', 1, 0, '2013-04-10 21:58:39'),
(516, 2, 104, 0, 'pabel', 1, 0, '2013-04-10 21:58:39'),
(517, 2, 104, 0, 'tabel', 1, 0, '2013-04-10 21:58:39'),
(518, 2, 105, 0, 'python', 1, 0, '2013-04-10 21:58:39'),
(519, 2, 105, 0, 'java', 1, 0, '2013-04-10 21:58:39'),
(520, 2, 105, 0, 'php', 1, 0, '2013-04-10 21:58:39'),
(521, 2, 105, 0, 'bash', 1, 0, '2013-04-10 21:58:39'),
(522, 2, 106, 0, 'bejo', 1, 0, '2013-04-10 21:58:39'),
(523, 2, 106, 0, 'tejo', 1, 0, '2013-04-10 21:58:39'),
(524, 2, 106, 0, 'dejo', 1, 0, '2013-04-10 21:58:39'),
(525, 2, 106, 0, 'pejo', 1, 0, '2013-04-10 21:58:39'),
(526, 3, 107, 1, 'kembang', 1, 1, '2013-04-10 21:58:57'),
(527, 3, 107, 2, 'gudeg', 1, 1, '2013-04-10 21:58:57'),
(528, 3, 107, 3, 'oncom', 1, 1, '2013-04-10 21:58:57'),
(529, 3, 107, 4, 'tauco', 1, 1, '2013-04-10 21:58:57'),
(530, 3, 107, 5, 'udang', 1, 1, '2013-04-10 21:58:57'),
(531, 3, 108, 1, 'nasi gule', 1, 1, '2013-04-10 21:58:57'),
(532, 3, 108, 2, 'nasi goreng', 1, 1, '2013-04-10 21:58:57'),
(533, 3, 108, 3, 'ketupat', 1, 1, '2013-04-10 21:58:57'),
(534, 3, 108, 4, 'nasi kuning', 1, 1, '2013-04-10 21:58:57'),
(535, 3, 108, 5, 'nasi padang', 1, 1, '2013-04-10 21:58:57'),
(536, 3, 109, 1, 'vabel', 1, 1, '2013-04-10 21:58:57'),
(537, 3, 109, 2, 'favel', 1, 1, '2013-04-10 21:58:58'),
(538, 3, 109, 3, 'pabel', 1, 1, '2013-04-10 21:58:58'),
(539, 3, 109, 4, 'kabel', 1, 1, '2013-04-10 21:58:58'),
(540, 3, 109, 5, 'cabel', 1, 1, '2013-04-10 21:58:58'),
(541, 3, 110, 1, 'Setiabudhi', 1, 1, '2013-04-10 21:58:58'),
(542, 3, 110, 2, 'Dipati Ukur', 1, 1, '2013-04-10 21:58:58'),
(543, 3, 110, 3, 'Jatinangor', 1, 1, '2013-04-10 21:58:58'),
(544, 3, 110, 4, 'Gedebage', 1, 1, '2013-04-10 21:58:58'),
(545, 3, 110, 5, 'Ciwastra', 1, 1, '2013-04-10 21:58:58'),
(546, 3, 111, 1, 'samsung', 1, 1, '2013-04-10 21:58:58'),
(547, 3, 111, 2, 'htc', 1, 1, '2013-04-10 21:58:58'),
(548, 3, 111, 3, 'nexian', 1, 1, '2013-04-10 21:58:58'),
(549, 3, 111, 4, 'lg', 1, 1, '2013-04-10 21:58:58'),
(550, 3, 111, 5, 'nokia', 1, 1, '2013-04-10 21:58:58');

-- --------------------------------------------------------

--
-- Table structure for table `quiz_course`
--

CREATE TABLE IF NOT EXISTS `quiz_course` (
  `id_quiz_course` int(11) NOT NULL AUTO_INCREMENT,
  `quiz_id` int(11) NOT NULL,
  `course_id` int(11) NOT NULL,
  `deleted` int(11) NOT NULL,
  PRIMARY KEY (`id_quiz_course`)
) ENGINE=InnoDB  DEFAULT CHARSET=latin1 AUTO_INCREMENT=3 ;

--
-- Dumping data for table `quiz_course`
--

INSERT INTO `quiz_course` (`id_quiz_course`, `quiz_id`, `course_id`, `deleted`) VALUES
(1, 2, 1, 0),
(2, 3, 1, 0);

-- --------------------------------------------------------

--
-- Table structure for table `quiz_course_group`
--

CREATE TABLE IF NOT EXISTS `quiz_course_group` (
  `id_quiz_course_group` int(11) NOT NULL AUTO_INCREMENT,
  `course_id` int(11) NOT NULL,
  `group_id` int(11) NOT NULL,
  `deleted` int(11) NOT NULL,
  PRIMARY KEY (`id_quiz_course_group`)
) ENGINE=InnoDB  DEFAULT CHARSET=latin1 AUTO_INCREMENT=7 ;

--
-- Dumping data for table `quiz_course_group`
--

INSERT INTO `quiz_course_group` (`id_quiz_course_group`, `course_id`, `group_id`, `deleted`) VALUES
(1, 1, 2, 0),
(2, 1, 3, 0),
(3, 1, 4, 0),
(4, 1, 5, 0),
(5, 1, 6, 0),
(6, 1, 7, 0);

-- --------------------------------------------------------

--
-- Table structure for table `quiz_file`
--

CREATE TABLE IF NOT EXISTS `quiz_file` (
  `id_quiz` int(11) NOT NULL AUTO_INCREMENT,
  `user_id` int(11) NOT NULL,
  `course_id` int(11) NOT NULL,
  `file_quiz` varchar(200) NOT NULL,
  `title` varchar(200) NOT NULL,
  `description` text NOT NULL,
  `start_time` datetime NOT NULL,
  `end_time` datetime NOT NULL,
  `length_time` int(11) NOT NULL,
  `num_per_page` int(11) NOT NULL,
  `max_answer_show` int(11) NOT NULL,
  `random_soal` int(11) NOT NULL,
  `random_jawaban` int(11) NOT NULL,
  `status` int(11) NOT NULL,
  `deleted` int(11) NOT NULL,
  `date` timestamp NOT NULL DEFAULT CURRENT_TIMESTAMP ON UPDATE CURRENT_TIMESTAMP,
  PRIMARY KEY (`id_quiz`)
) ENGINE=InnoDB  DEFAULT CHARSET=latin1 AUTO_INCREMENT=4 ;

--
-- Dumping data for table `quiz_file`
--

INSERT INTO `quiz_file` (`id_quiz`, `user_id`, `course_id`, `file_quiz`, `title`, `description`, `start_time`, `end_time`, `length_time`, `num_per_page`, `max_answer_show`, `random_soal`, `random_jawaban`, `status`, `deleted`, `date`) VALUES
(1, 10, 0, 'quiz_1.xls', 'Test', 'Test', '0000-00-00 00:00:00', '0000-00-00 00:00:00', 0, 5, 0, 0, 0, 1, 0, '2013-04-10 20:26:18'),
(2, 10, 0, 'quiz_2.xls', 'crot', 'crot', '2013-04-09 00:00:00', '2013-04-11 00:00:00', 60, 5, 0, 0, 0, 1, 0, '2013-04-10 21:58:39'),
(3, 10, 0, 'quiz_3.xls', 'Kuis Test', 'Kuis Test', '2013-04-10 23:00:00', '2013-04-12 00:00:00', 60, 5, 0, 0, 0, 1, 1, '2013-04-11 00:00:57');

-- --------------------------------------------------------

--
-- Table structure for table `quiz_group`
--

CREATE TABLE IF NOT EXISTS `quiz_group` (
  `id_group` int(11) NOT NULL AUTO_INCREMENT,
  `quiz_id` int(11) NOT NULL,
  `title` varchar(200) NOT NULL,
  `description` text NOT NULL,
  `password` varchar(200) NOT NULL,
  `status` int(11) NOT NULL,
  `type` int(11) NOT NULL,
  `deleted` int(11) NOT NULL,
  `date_create` date NOT NULL,
  `date_modified` timestamp NOT NULL DEFAULT CURRENT_TIMESTAMP ON UPDATE CURRENT_TIMESTAMP,
  PRIMARY KEY (`id_group`)
) ENGINE=InnoDB  DEFAULT CHARSET=latin1 AUTO_INCREMENT=8 ;

--
-- Dumping data for table `quiz_group`
--

INSERT INTO `quiz_group` (`id_group`, `quiz_id`, `title`, `description`, `password`, `status`, `type`, `deleted`, `date_create`, `date_modified`) VALUES
(1, 1, 'Kelas Bejo', 'Kelas Bejo', '', 1, 0, 0, '2013-04-10', '2013-04-10 15:47:06'),
(2, 2, 'Kelas Test', 'Kelas Test', 'bejo', 1, 0, 0, '2013-04-10', '2013-04-10 20:29:22'),
(3, 3, 'Kelas Test', 'Kelas Test', 'bejo', 1, 0, 0, '2013-04-10', '2013-04-10 21:59:26'),
(4, 3, 'Kelas Test - 1', 'hahahaha', 'bejo', 1, 0, 0, '2013-04-10', '2013-04-10 23:39:46'),
(5, 3, 'Kelas Test - 2', 'hahahahaha', 'bejo', 1, 0, 0, '2013-04-10', '2013-04-10 23:43:09'),
(6, 3, 'Kelas Test - 3', 'hahahah', 'bejo', 1, 0, 0, '2013-04-10', '2013-04-10 23:47:03'),
(7, 3, 'Kelas Test - 4', 'hahahahahha', 'bejo', 1, 0, 0, '2013-04-10', '2013-04-10 23:59:41');

-- --------------------------------------------------------

--
-- Table structure for table `quiz_pass_tryout`
--

CREATE TABLE IF NOT EXISTS `quiz_pass_tryout` (
  `id_quiz_pass_tryout` bigint(11) NOT NULL AUTO_INCREMENT,
  `user_id` int(11) NOT NULL,
  `participant_user_id` int(11) NOT NULL,
  `course_id` int(11) NOT NULL,
  `quiz_id` int(11) NOT NULL,
  `group_id` int(11) NOT NULL,
  `password` varchar(200) NOT NULL,
  `expired` int(11) NOT NULL,
  `date` timestamp NOT NULL DEFAULT CURRENT_TIMESTAMP ON UPDATE CURRENT_TIMESTAMP,
  PRIMARY KEY (`id_quiz_pass_tryout`)
) ENGINE=InnoDB DEFAULT CHARSET=latin1 AUTO_INCREMENT=1 ;

--
-- Dumping data for table `quiz_pass_tryout`
--


-- --------------------------------------------------------

--
-- Table structure for table `quiz_resource`
--

CREATE TABLE IF NOT EXISTS `quiz_resource` (
  `id_quiz_resource` int(11) NOT NULL AUTO_INCREMENT,
  `user_id` int(11) NOT NULL,
  `cover` int(11) NOT NULL,
  `title` text NOT NULL,
  `description` text NOT NULL,
  `file` text NOT NULL,
  `size` varchar(15) NOT NULL,
  `ext` varchar(5) NOT NULL,
  `type` int(11) NOT NULL,
  `show` int(11) NOT NULL,
  `converted` int(11) NOT NULL,
  `date` timestamp NOT NULL DEFAULT CURRENT_TIMESTAMP,
  PRIMARY KEY (`id_quiz_resource`)
) ENGINE=InnoDB DEFAULT CHARSET=latin1 AUTO_INCREMENT=1 ;

--
-- Dumping data for table `quiz_resource`
--


-- --------------------------------------------------------

--
-- Table structure for table `quiz_result`
--

CREATE TABLE IF NOT EXISTS `quiz_result` (
  `id_result` int(11) NOT NULL AUTO_INCREMENT,
  `user_id` int(11) NOT NULL,
  `course_id` int(11) NOT NULL,
  `quiz_id` int(11) NOT NULL,
  `group_id` int(11) NOT NULL,
  `score` int(11) NOT NULL,
  `right_answer` int(11) NOT NULL,
  `wrong_answer` int(11) NOT NULL,
  `status` int(11) NOT NULL,
  `start_time` datetime NOT NULL,
  `end_time` datetime NOT NULL,
  `finish_time` datetime NOT NULL,
  PRIMARY KEY (`id_result`)
) ENGINE=InnoDB  DEFAULT CHARSET=latin1 AUTO_INCREMENT=12 ;

--
-- Dumping data for table `quiz_result`
--

INSERT INTO `quiz_result` (`id_result`, `user_id`, `course_id`, `quiz_id`, `group_id`, `score`, `right_answer`, `wrong_answer`, `status`, `start_time`, `end_time`, `finish_time`) VALUES
(1, 11, 1, 2, 2, 0, 0, 5, 1, '2013-04-10 20:36:00', '2013-04-10 21:36:00', '0000-00-00 00:00:00'),
(2, 11, 1, 2, 2, 0, 0, 5, 1, '2013-04-10 20:37:00', '2013-04-10 21:37:00', '0000-00-00 00:00:00'),
(3, 11, 1, 2, 2, 0, 0, 5, 1, '2013-04-10 20:37:00', '2013-04-10 21:37:00', '0000-00-00 00:00:00'),
(4, 12, 1, 2, 2, 0, 0, 5, 1, '2013-04-10 21:51:16', '2013-04-10 22:51:16', '2013-04-10 21:51:27'),
(5, 12, 1, 2, 2, 0, 0, 4, 1, '2013-04-10 21:51:54', '2013-04-10 22:51:54', '2013-04-10 21:52:03'),
(6, 12, 1, 2, 2, 0, 0, 4, 1, '2013-04-10 21:52:08', '2013-04-10 22:52:08', '2013-04-10 21:52:17'),
(7, 11, 1, 3, 3, 40, 2, 2, 1, '2013-04-10 22:14:40', '2013-04-10 23:14:40', '2013-04-10 22:14:53'),
(8, 11, 1, 3, 4, 80, 4, 1, 1, '2013-04-10 23:42:03', '2013-04-11 00:42:03', '2013-04-10 23:42:20'),
(9, 11, 1, 3, 5, 40, 2, 3, 1, '2013-04-10 23:43:27', '2013-04-11 00:43:27', '2013-04-10 23:43:41'),
(10, 11, 1, 3, 6, 60, 3, 2, 1, '2013-04-10 23:51:58', '2013-04-11 00:51:58', '2013-04-10 23:52:15'),
(11, 11, 1, 3, 7, 100, 5, 0, 1, '2013-04-10 23:59:59', '2013-04-11 00:59:59', '2013-04-11 00:01:59');

-- --------------------------------------------------------

--
-- Table structure for table `quiz_soal`
--

CREATE TABLE IF NOT EXISTS `quiz_soal` (
  `id_soal` int(11) NOT NULL AUTO_INCREMENT,
  `quiz_id` int(11) NOT NULL,
  `resource_id` int(11) NOT NULL,
  `soal` text NOT NULL,
  `answer` varchar(10) NOT NULL,
  `status` int(11) NOT NULL,
  `deleted` int(11) NOT NULL,
  `date` timestamp NOT NULL DEFAULT CURRENT_TIMESTAMP ON UPDATE CURRENT_TIMESTAMP,
  PRIMARY KEY (`id_soal`)
) ENGINE=InnoDB  DEFAULT CHARSET=latin1 AUTO_INCREMENT=112 ;

--
-- Dumping data for table `quiz_soal`
--

INSERT INTO `quiz_soal` (`id_soal`, `quiz_id`, `resource_id`, `soal`, `answer`, `status`, `deleted`, `date`) VALUES
(1, 1, 0, 'Manakah yang termasuk LMS ?', '1', 1, 0, '2013-04-10 20:25:45'),
(2, 1, 0, 'Bahasa pemrograman microsoft yang paling populer adalah ...', '3', 1, 0, '2013-04-10 20:25:45'),
(3, 1, 0, 'Pembuat moodle siapa yah ?', '1', 1, 0, '2013-04-10 20:25:46'),
(4, 1, 0, 'Pembuat VABEL adalah ...', '4', 1, 0, '2013-04-10 20:25:47'),
(5, 1, 0, 'Framework Sencha tidak bekerja pada sistem operasi mobile ...', '5', 1, 0, '2013-04-10 20:25:47'),
(6, 1, 0, 'Manakah yang termasuk LMS ?', '1', 1, 0, '2013-04-10 20:25:47'),
(7, 1, 0, 'Bahasa pemrograman microsoft yang paling populer adalah ...', '3', 1, 0, '2013-04-10 20:25:47'),
(8, 1, 0, 'Pembuat moodle siapa yah ?', '1', 1, 0, '2013-04-10 20:25:48'),
(9, 1, 0, 'Pembuat VABEL adalah ...', '4', 1, 0, '2013-04-10 20:25:48'),
(10, 1, 0, 'Framework Sencha tidak bekerja pada sistem operasi mobile ...', '5', 1, 0, '2013-04-10 20:25:48'),
(11, 1, 0, 'Manakah yang termasuk LMS ?', '1', 1, 0, '2013-04-10 20:25:48'),
(12, 1, 0, 'Bahasa pemrograman microsoft yang paling populer adalah ...', '3', 1, 0, '2013-04-10 20:25:48'),
(13, 1, 0, 'Pembuat moodle siapa yah ?', '1', 1, 0, '2013-04-10 20:25:48'),
(14, 1, 0, 'Pembuat VABEL adalah ...', '4', 1, 0, '2013-04-10 20:25:49'),
(15, 1, 0, 'Framework Sencha tidak bekerja pada sistem operasi mobile ...', '5', 1, 0, '2013-04-10 20:25:49'),
(16, 1, 0, 'Manakah yang termasuk LMS ?', '1', 1, 0, '2013-04-10 20:25:49'),
(17, 1, 0, 'Bahasa pemrograman microsoft yang paling populer adalah ...', '3', 1, 0, '2013-04-10 20:25:49'),
(18, 1, 0, 'Pembuat moodle siapa yah ?', '1', 1, 0, '2013-04-10 20:25:49'),
(19, 1, 0, 'Pembuat VABEL adalah ...', '4', 1, 0, '2013-04-10 20:25:49'),
(20, 1, 0, 'Framework Sencha tidak bekerja pada sistem operasi mobile ...', '5', 1, 0, '2013-04-10 20:25:49'),
(21, 1, 0, 'Manakah yang termasuk LMS ?', '1', 1, 0, '2013-04-10 20:25:49'),
(22, 1, 0, 'Bahasa pemrograman microsoft yang paling populer adalah ...', '3', 1, 0, '2013-04-10 20:25:50'),
(23, 1, 0, 'Pembuat moodle siapa yah ?', '1', 1, 0, '2013-04-10 20:25:50'),
(24, 1, 0, 'Pembuat VABEL adalah ...', '4', 1, 0, '2013-04-10 20:25:50'),
(25, 1, 0, 'Framework Sencha tidak bekerja pada sistem operasi mobile ...', '5', 1, 0, '2013-04-10 20:25:50'),
(26, 1, 0, 'Manakah yang termasuk LMS ?', '1', 1, 0, '2013-04-10 20:25:50'),
(27, 1, 0, 'Bahasa pemrograman microsoft yang paling populer adalah ...', '3', 1, 0, '2013-04-10 20:25:50'),
(28, 1, 0, 'Pembuat moodle siapa yah ?', '1', 1, 0, '2013-04-10 20:25:51'),
(29, 1, 0, 'Pembuat VABEL adalah ...', '4', 1, 0, '2013-04-10 20:25:51'),
(30, 1, 0, 'Framework Sencha tidak bekerja pada sistem operasi mobile ...', '5', 1, 0, '2013-04-10 20:25:51'),
(31, 1, 0, 'Manakah yang termasuk LMS ?', '1', 1, 0, '2013-04-10 20:25:51'),
(32, 1, 0, 'Bahasa pemrograman microsoft yang paling populer adalah ...', '3', 1, 0, '2013-04-10 20:25:51'),
(33, 1, 0, 'Pembuat moodle siapa yah ?', '1', 1, 0, '2013-04-10 20:25:52'),
(34, 1, 0, 'Pembuat VABEL adalah ...', '4', 1, 0, '2013-04-10 20:25:52'),
(35, 1, 0, 'Framework Sencha tidak bekerja pada sistem operasi mobile ...', '5', 1, 0, '2013-04-10 20:25:52'),
(36, 1, 0, 'Manakah yang termasuk LMS ?', '1', 1, 0, '2013-04-10 20:25:52'),
(37, 1, 0, 'Bahasa pemrograman microsoft yang paling populer adalah ...', '3', 1, 0, '2013-04-10 20:25:52'),
(38, 1, 0, 'Pembuat moodle siapa yah ?', '1', 1, 0, '2013-04-10 20:25:52'),
(39, 1, 0, 'Pembuat VABEL adalah ...', '4', 1, 0, '2013-04-10 20:25:52'),
(40, 1, 0, 'Framework Sencha tidak bekerja pada sistem operasi mobile ...', '5', 1, 0, '2013-04-10 20:25:53'),
(41, 1, 0, 'Manakah yang termasuk LMS ?', '1', 1, 0, '2013-04-10 20:25:53'),
(42, 1, 0, 'Bahasa pemrograman microsoft yang paling populer adalah ...', '3', 1, 0, '2013-04-10 20:25:53'),
(43, 1, 0, 'Pembuat moodle siapa yah ?', '1', 1, 0, '2013-04-10 20:25:53'),
(44, 1, 0, 'Pembuat VABEL adalah ...', '4', 1, 0, '2013-04-10 20:25:53'),
(45, 1, 0, 'Framework Sencha tidak bekerja pada sistem operasi mobile ...', '5', 1, 0, '2013-04-10 20:25:53'),
(46, 1, 0, 'Manakah yang termasuk LMS ?', '1', 1, 0, '2013-04-10 20:25:54'),
(47, 1, 0, 'Bahasa pemrograman microsoft yang paling populer adalah ...', '3', 1, 0, '2013-04-10 20:25:54'),
(48, 1, 0, 'Pembuat moodle siapa yah ?', '1', 1, 0, '2013-04-10 20:25:54'),
(49, 1, 0, 'Pembuat VABEL adalah ...', '4', 1, 0, '2013-04-10 20:25:54'),
(50, 1, 0, 'Framework Sencha tidak bekerja pada sistem operasi mobile ...', '5', 1, 0, '2013-04-10 20:25:54'),
(51, 1, 0, 'Manakah yang termasuk LMS ?', '1', 1, 0, '2013-04-10 20:25:54'),
(52, 1, 0, 'Bahasa pemrograman microsoft yang paling populer adalah ...', '3', 1, 0, '2013-04-10 20:25:54'),
(53, 1, 0, 'Pembuat moodle siapa yah ?', '1', 1, 0, '2013-04-10 20:25:55'),
(54, 1, 0, 'Pembuat VABEL adalah ...', '4', 1, 0, '2013-04-10 20:25:55'),
(55, 1, 0, 'Framework Sencha tidak bekerja pada sistem operasi mobile ...', '5', 1, 0, '2013-04-10 20:25:55'),
(56, 1, 0, 'Manakah yang termasuk LMS ?', '1', 1, 0, '2013-04-10 20:25:55'),
(57, 1, 0, 'Bahasa pemrograman microsoft yang paling populer adalah ...', '3', 1, 0, '2013-04-10 20:25:55'),
(58, 1, 0, 'Pembuat moodle siapa yah ?', '1', 1, 0, '2013-04-10 20:25:55'),
(59, 1, 0, 'Pembuat VABEL adalah ...', '4', 1, 0, '2013-04-10 20:25:55'),
(60, 1, 0, 'Framework Sencha tidak bekerja pada sistem operasi mobile ...', '5', 1, 0, '2013-04-10 20:25:56'),
(61, 1, 0, 'Manakah yang termasuk LMS ?', '1', 1, 0, '2013-04-10 20:25:56'),
(62, 1, 0, 'Bahasa pemrograman microsoft yang paling populer adalah ...', '3', 1, 0, '2013-04-10 20:25:56'),
(63, 1, 0, 'Pembuat moodle siapa yah ?', '1', 1, 0, '2013-04-10 20:25:56'),
(64, 1, 0, 'Pembuat VABEL adalah ...', '4', 1, 0, '2013-04-10 20:25:56'),
(65, 1, 0, 'Framework Sencha tidak bekerja pada sistem operasi mobile ...', '5', 1, 0, '2013-04-10 20:25:56'),
(66, 1, 0, 'Manakah yang termasuk LMS ?', '1', 1, 0, '2013-04-10 20:25:56'),
(67, 1, 0, 'Bahasa pemrograman microsoft yang paling populer adalah ...', '3', 1, 0, '2013-04-10 20:25:57'),
(68, 1, 0, 'Pembuat moodle siapa yah ?', '1', 1, 0, '2013-04-10 20:25:57'),
(69, 1, 0, 'Pembuat VABEL adalah ...', '4', 1, 0, '2013-04-10 20:25:57'),
(70, 1, 0, 'Framework Sencha tidak bekerja pada sistem operasi mobile ...', '5', 1, 0, '2013-04-10 20:25:57'),
(71, 1, 0, 'Manakah yang termasuk LMS ?', '1', 1, 0, '2013-04-10 20:25:57'),
(72, 1, 0, 'Bahasa pemrograman microsoft yang paling populer adalah ...', '3', 1, 0, '2013-04-10 20:25:57'),
(73, 1, 0, 'Pembuat moodle siapa yah ?', '1', 1, 0, '2013-04-10 20:25:58'),
(74, 1, 0, 'Pembuat VABEL adalah ...', '4', 1, 0, '2013-04-10 20:25:58'),
(75, 1, 0, 'Framework Sencha tidak bekerja pada sistem operasi mobile ...', '5', 1, 0, '2013-04-10 20:25:59'),
(76, 1, 0, 'Manakah yang termasuk LMS ?', '1', 1, 0, '2013-04-10 20:25:59'),
(77, 1, 0, 'Bahasa pemrograman microsoft yang paling populer adalah ...', '3', 1, 0, '2013-04-10 20:25:59'),
(78, 1, 0, 'Pembuat moodle siapa yah ?', '1', 1, 0, '2013-04-10 20:26:00'),
(79, 1, 0, 'Pembuat VABEL adalah ...', '4', 1, 0, '2013-04-10 20:26:00'),
(80, 1, 0, 'Framework Sencha tidak bekerja pada sistem operasi mobile ...', '5', 1, 0, '2013-04-10 20:26:01'),
(81, 1, 0, 'Manakah yang termasuk LMS ?', '1', 1, 0, '2013-04-10 20:26:01'),
(82, 1, 0, 'Bahasa pemrograman microsoft yang paling populer adalah ...', '3', 1, 0, '2013-04-10 20:26:02'),
(83, 1, 0, 'Pembuat moodle siapa yah ?', '1', 1, 0, '2013-04-10 20:26:03'),
(84, 1, 0, 'Pembuat VABEL adalah ...', '4', 1, 0, '2013-04-10 20:26:03'),
(85, 1, 0, 'Framework Sencha tidak bekerja pada sistem operasi mobile ...', '5', 1, 0, '2013-04-10 20:26:04'),
(86, 1, 0, 'Manakah yang termasuk LMS ?', '1', 1, 0, '2013-04-10 20:26:06'),
(87, 1, 0, 'Bahasa pemrograman microsoft yang paling populer adalah ...', '3', 1, 0, '2013-04-10 20:26:06'),
(88, 1, 0, 'Pembuat moodle siapa yah ?', '1', 1, 0, '2013-04-10 20:26:07'),
(89, 1, 0, 'Pembuat VABEL adalah ...', '4', 1, 0, '2013-04-10 20:26:08'),
(90, 1, 0, 'Framework Sencha tidak bekerja pada sistem operasi mobile ...', '5', 1, 0, '2013-04-10 20:26:09'),
(91, 1, 0, 'Manakah yang termasuk LMS ?', '1', 1, 0, '2013-04-10 20:26:10'),
(92, 1, 0, 'Bahasa pemrograman microsoft yang paling populer adalah ...', '3', 1, 0, '2013-04-10 20:26:11'),
(93, 1, 0, 'Pembuat moodle siapa yah ?', '1', 1, 0, '2013-04-10 20:26:12'),
(94, 1, 0, 'Pembuat VABEL adalah ...', '4', 1, 0, '2013-04-10 20:26:13'),
(95, 1, 0, 'Framework Sencha tidak bekerja pada sistem operasi mobile ...', '5', 1, 0, '2013-04-10 20:26:14'),
(96, 1, 0, 'Manakah yang termasuk LMS ?', '1', 1, 0, '2013-04-10 20:26:15'),
(97, 1, 0, 'Bahasa pemrograman microsoft yang paling populer adalah ...', '3', 1, 0, '2013-04-10 20:26:16'),
(98, 1, 0, 'Pembuat moodle siapa yah ?', '1', 1, 0, '2013-04-10 20:26:16'),
(99, 1, 0, 'Pembuat VABEL adalah ...', '4', 1, 0, '2013-04-10 20:26:17'),
(100, 1, 0, 'Framework Sencha tidak bekerja pada sistem operasi mobile ...', '5', 1, 0, '2013-04-10 20:26:17'),
(101, 1, 0, 'Manakah yang termasuk LMS ?', '1', 1, 0, '2013-04-10 20:26:18'),
(102, 2, 0, 'siapa presiden pertama RI ?', 'a', 1, 0, '2013-04-10 21:58:39'),
(103, 2, 0, 'hewan apakah yang berleher panjang ?', 'b', 1, 0, '2013-04-10 21:58:39'),
(104, 2, 0, 'proyek e learning unpad terbaru ...', 'a', 1, 0, '2013-04-10 21:58:39'),
(105, 2, 0, 'bahasa pemrograman yang dipakai kang taufik', 'c', 1, 0, '2013-04-10 21:58:39'),
(106, 2, 0, 'siapakah yang membuat script ini', 'a', 1, 0, '2013-04-10 21:58:39'),
(107, 3, 0, 'sebutan kota bandung adalah kota ...', '1', 1, 1, '2013-04-10 21:58:57'),
(108, 3, 0, 'makanan khas umat islam yang disajikan ketika lebaran', '3', 1, 1, '2013-04-10 21:58:57'),
(109, 3, 0, 'Platform belajar terbaru UNPAD adalah ...', '1', 1, 1, '2013-04-10 21:58:57'),
(110, 3, 0, 'Gelora Bandung Lautan Api berlokasi di ...', '4', 1, 1, '2013-04-10 21:58:58'),
(111, 3, 0, 'Manakah brand berikut ini, yang tidak menggunakan Android', '5', 1, 1, '2013-04-10 21:58:58');
