-- phpMyAdmin SQL Dump
-- version 3.3.9
-- http://www.phpmyadmin.net
--
-- Host: localhost
-- Generation Time: May 02, 2013 at 05:31 
-- Server version: 5.5.8
-- PHP Version: 5.3.5

SET SQL_MODE="NO_AUTO_VALUE_ON_ZERO";


/*!40101 SET @OLD_CHARACTER_SET_CLIENT=@@CHARACTER_SET_CLIENT */;
/*!40101 SET @OLD_CHARACTER_SET_RESULTS=@@CHARACTER_SET_RESULTS */;
/*!40101 SET @OLD_COLLATION_CONNECTION=@@COLLATION_CONNECTION */;
/*!40101 SET NAMES utf8 */;

--
-- Database: `sakola`
--

-- --------------------------------------------------------

--
-- Table structure for table `quiz_answer_log`
--

CREATE TABLE IF NOT EXISTS `quiz_answer_log` (
  `id_quiz_answer_log` int(11) NOT NULL AUTO_INCREMENT,
  `result_id` int(11) NOT NULL,
  `soal_id` int(11) NOT NULL,
  `answer` varchar(30) NOT NULL,
  `date_modified` timestamp NOT NULL DEFAULT CURRENT_TIMESTAMP ON UPDATE CURRENT_TIMESTAMP,
  PRIMARY KEY (`id_quiz_answer_log`)
) ENGINE=InnoDB  DEFAULT CHARSET=latin1 AUTO_INCREMENT=213 ;

--
-- Dumping data for table `quiz_answer_log`
--

INSERT INTO `quiz_answer_log` (`id_quiz_answer_log`, `result_id`, `soal_id`, `answer`, `date_modified`) VALUES
(63, 14, 115, '3', '2013-04-17 11:42:32'),
(64, 14, 116, '3', '2013-04-17 11:42:32'),
(65, 14, 117, '1', '2013-04-17 11:42:32'),
(66, 14, 118, '4', '2013-04-17 11:42:32'),
(67, 14, 119, '3', '2013-04-17 11:42:32'),
(68, 15, 120, '1', '2013-04-17 12:21:49'),
(69, 15, 121, '2', '2013-04-17 12:21:49'),
(70, 15, 122, '1', '2013-04-17 12:21:49'),
(71, 15, 123, '2', '2013-04-17 12:21:49'),
(72, 15, 124, '1', '2013-04-17 12:21:49'),
(73, 16, 120, '1', '2013-04-17 12:33:00'),
(74, 16, 121, '3', '2013-04-17 12:33:00'),
(75, 16, 122, '1', '2013-04-17 12:33:00'),
(76, 16, 123, '4', '2013-04-17 12:33:00'),
(77, 16, 124, '5', '2013-04-17 12:33:00'),
(78, 17, 125, '3', '2013-04-17 13:05:49'),
(79, 17, 126, '5', '2013-04-17 13:05:49'),
(80, 17, 127, '4', '2013-04-17 13:05:49'),
(81, 17, 128, '4', '2013-04-17 13:05:49'),
(82, 17, 129, '5', '2013-04-17 13:05:49'),
(83, 18, 124, '5', '2013-04-17 14:41:52'),
(84, 19, 120, '1', '2013-04-17 15:26:07'),
(85, 20, 120, '1', '2013-04-17 15:50:12'),
(86, 21, 120, '4', '2013-04-26 11:06:26'),
(87, 21, 121, '5', '2013-04-26 11:06:26'),
(88, 21, 122, '3', '2013-04-26 11:06:26'),
(89, 21, 123, '2', '2013-04-26 11:06:26'),
(90, 21, 124, '1', '2013-04-26 11:06:26'),
(91, 22, 120, '1', '2013-04-27 11:14:14'),
(92, 22, 121, '1', '2013-04-27 11:14:14'),
(93, 22, 122, '1', '2013-04-27 11:14:14'),
(94, 22, 123, '2', '2013-04-27 11:14:14'),
(95, 22, 124, '1', '2013-04-27 11:14:14'),
(96, 23, 120, '1', '2013-04-27 23:33:26'),
(97, 23, 121, '2', '2013-04-27 23:33:26'),
(98, 23, 122, '1', '2013-04-27 23:33:26'),
(99, 23, 123, '4', '2013-04-27 23:33:26'),
(100, 23, 124, '5', '2013-04-27 23:33:26'),
(101, 24, 120, '1', '2013-04-27 23:39:31'),
(102, 24, 121, '1', '2013-04-27 23:39:31'),
(103, 24, 122, '1', '2013-04-27 23:39:31'),
(104, 24, 123, '1', '2013-04-27 23:39:31'),
(105, 24, 124, '1', '2013-04-27 23:39:31'),
(106, 25, 120, '1', '2013-04-27 23:56:48'),
(107, 25, 121, '1', '2013-04-27 23:56:48'),
(108, 25, 122, '1', '2013-04-27 23:56:48'),
(109, 25, 123, '1', '2013-04-27 23:56:48'),
(110, 25, 124, '1', '2013-04-27 23:56:48'),
(111, 26, 120, '1', '2013-04-27 23:59:30'),
(112, 26, 121, '1', '2013-04-27 23:59:30'),
(113, 26, 122, '1', '2013-04-27 23:59:30'),
(114, 26, 123, '1', '2013-04-27 23:59:30'),
(115, 26, 124, '1', '2013-04-27 23:59:30'),
(116, 27, 120, '1', '2013-04-28 14:15:02'),
(117, 27, 124, '1', '2013-04-28 14:15:02'),
(118, 28, 122, '1', '2013-04-28 14:38:30'),
(119, 28, 123, '4', '2013-04-28 14:38:30'),
(120, 28, 124, '1', '2013-04-28 14:38:30'),
(121, 29, 120, '1', '2013-04-28 19:04:57'),
(122, 29, 121, '1', '2013-04-28 19:04:57'),
(123, 29, 122, '1', '2013-04-28 19:04:57'),
(124, 29, 123, '1', '2013-04-28 19:04:57'),
(125, 29, 124, '1', '2013-04-28 19:04:57'),
(126, 35, 175, '1', '2013-04-30 16:43:31'),
(127, 35, 176, '1', '2013-04-30 16:43:31'),
(128, 35, 177, '1', '2013-04-30 16:43:31'),
(129, 35, 178, '2', '2013-04-30 16:43:31'),
(130, 35, 179, '5', '2013-04-30 16:43:31'),
(131, 37, 175, '1', '2013-05-01 00:11:13'),
(132, 37, 176, '1', '2013-05-01 00:11:13'),
(133, 37, 177, '1', '2013-05-01 00:11:13'),
(134, 37, 175, '1', '2013-05-01 08:41:04'),
(135, 39, 175, '2', '2013-05-01 09:01:06'),
(136, 39, 176, '1', '2013-05-01 09:01:06'),
(137, 39, 177, '1', '2013-05-01 09:01:06'),
(138, 39, 178, '1', '2013-05-01 09:01:06'),
(139, 39, 179, '1', '2013-05-01 09:01:06'),
(140, 39, 181, '1', '2013-05-01 09:01:06'),
(141, 40, 175, '1', '2013-05-01 09:02:04'),
(142, 40, 179, '1', '2013-05-01 09:02:04'),
(143, 41, 175, '1', '2013-05-01 09:26:56'),
(144, 41, 176, '1', '2013-05-01 09:26:56'),
(145, 42, 175, '1', '2013-05-01 09:42:10'),
(146, 42, 176, '1', '2013-05-01 09:42:10'),
(147, 42, 175, '1', '2013-05-01 09:34:38'),
(148, 43, 175, '1', '2013-05-01 09:41:13'),
(149, 46, 175, '1', '2013-05-01 09:48:20'),
(150, 46, 176, '2', '2013-05-01 09:48:20'),
(151, 47, 175, '1', '2013-05-01 09:59:05'),
(152, 47, 176, '1', '2013-05-01 09:59:05'),
(153, 47, 177, '1', '2013-05-01 09:59:05'),
(154, 48, 175, '1', '2013-05-01 09:56:57'),
(155, 48, 176, '1', '2013-05-01 09:56:57'),
(156, 48, 177, '1', '2013-05-01 09:56:57'),
(157, 49, 175, '1', '2013-05-01 10:07:14'),
(158, 49, 176, '1', '2013-05-01 10:07:14'),
(159, 49, 177, '1', '2013-05-01 10:07:14'),
(160, 50, 175, '1', '2013-05-01 12:05:02'),
(161, 50, 176, '1', '2013-05-01 12:05:02'),
(162, 50, 178, '3', '2013-05-01 12:05:02'),
(163, 50, 179, '1', '2013-05-01 12:05:02'),
(164, 51, 175, '1', '2013-05-01 12:49:06'),
(165, 51, 176, '1', '2013-05-01 12:49:06'),
(166, 51, 177, '1', '2013-05-01 12:49:07'),
(167, 51, 179, '1', '2013-05-01 12:49:07'),
(168, 51, 181, '1', '2013-05-01 12:49:07'),
(169, 52, 175, '1', '2013-05-01 13:10:21'),
(170, 52, 176, '1', '2013-05-01 13:10:21'),
(171, 52, 177, '1', '2013-05-01 13:10:21'),
(172, 53, 175, '1', '2013-05-01 13:21:25'),
(173, 53, 176, '1', '2013-05-01 13:21:25'),
(174, 53, 177, '3', '2013-05-01 13:21:25'),
(175, 53, 178, '1', '2013-05-01 13:21:25'),
(176, 53, 179, '1', '2013-05-01 13:21:25'),
(177, 54, 175, '1', '2013-05-01 13:06:56'),
(178, 54, 176, '1', '2013-05-01 13:06:56'),
(179, 54, 177, '1', '2013-05-01 13:06:56'),
(180, 54, 178, '2', '2013-05-01 13:06:56'),
(181, 54, 179, '1', '2013-05-01 13:06:57'),
(182, 55, 175, '1', '2013-05-01 13:29:07'),
(183, 55, 176, '1', '2013-05-01 13:29:07'),
(184, 55, 177, '1', '2013-05-01 13:29:07'),
(185, 56, 175, '1', '2013-05-01 14:31:35'),
(186, 56, 176, '3', '2013-05-01 14:31:35'),
(187, 56, 177, '2', '2013-05-01 14:31:35'),
(188, 56, 178, '2', '2013-05-01 14:31:35'),
(189, 56, 179, '2', '2013-05-01 14:31:35'),
(190, 58, 175, '1', '2013-05-01 14:49:02'),
(191, 58, 176, '1', '2013-05-01 14:49:02'),
(192, 58, 177, '3', '2013-05-01 14:49:02'),
(193, 58, 178, '2', '2013-05-01 14:49:02'),
(194, 58, 179, '1', '2013-05-01 14:49:02'),
(195, 58, 181, '4', '2013-05-01 14:49:02'),
(196, 57, 175, '1', '2013-05-01 14:49:05'),
(197, 57, 176, '2', '2013-05-01 14:49:05'),
(198, 57, 177, '2', '2013-05-01 14:49:06'),
(199, 57, 178, '1', '2013-05-01 14:49:06'),
(200, 57, 179, '1', '2013-05-01 14:49:06'),
(201, 57, 181, '2', '2013-05-01 14:49:06'),
(202, 59, 175, '1', '2013-05-01 14:44:15'),
(203, 59, 176, '4', '2013-05-01 14:44:15'),
(204, 59, 178, '1', '2013-05-01 14:44:15'),
(205, 59, 179, '1', '2013-05-01 14:44:16'),
(206, 59, 181, '1', '2013-05-01 14:44:16'),
(207, 60, 175, '1', '2013-05-01 14:54:13'),
(208, 60, 176, '1', '2013-05-01 14:54:13'),
(209, 60, 177, '1', '2013-05-01 14:54:13'),
(210, 60, 178, '4', '2013-05-01 14:54:13'),
(211, 60, 179, '3', '2013-05-01 14:54:13'),
(212, 60, 181, '3', '2013-05-01 14:54:13');

-- --------------------------------------------------------

--
-- Table structure for table `quiz_choice`
--

CREATE TABLE IF NOT EXISTS `quiz_choice` (
  `id_choice` int(11) NOT NULL AUTO_INCREMENT,
  `quiz_id` int(11) NOT NULL,
  `soal_id` int(11) NOT NULL,
  `option_idx` int(10) DEFAULT NULL,
  `option_text` text,
  `status` int(11) NOT NULL,
  `deleted` int(11) NOT NULL,
  `date` timestamp NOT NULL DEFAULT CURRENT_TIMESTAMP ON UPDATE CURRENT_TIMESTAMP,
  PRIMARY KEY (`id_choice`)
) ENGINE=InnoDB  DEFAULT CHARSET=latin1 AUTO_INCREMENT=888 ;

--
-- Dumping data for table `quiz_choice`
--

INSERT INTO `quiz_choice` (`id_choice`, `quiz_id`, `soal_id`, `option_idx`, `option_text`, `status`, `deleted`, `date`) VALUES
(558, 8, 115, 1, 'kembang', 1, 0, '2013-04-17 11:52:50'),
(559, 8, 115, 2, 'gudeg', 1, 0, '2013-04-17 11:52:50'),
(560, 8, 115, 3, 'oncom', 1, 0, '2013-04-17 11:52:50'),
(561, 8, 115, 4, 'tauco', 1, 0, '2013-04-17 11:52:50'),
(562, 8, 115, 5, 'udang', 1, 0, '2013-04-17 11:52:50'),
(563, 8, 116, 1, 'nasi gule', 1, 0, '2013-04-17 11:52:51'),
(564, 8, 116, 2, 'nasi goreng', 1, 0, '2013-04-17 11:52:51'),
(565, 8, 116, 3, 'ketupat', 1, 0, '2013-04-17 11:52:51'),
(566, 8, 116, 4, 'nasi kuning', 1, 0, '2013-04-17 11:52:51'),
(567, 8, 116, 5, 'nasi padang', 1, 0, '2013-04-17 11:52:51'),
(568, 8, 117, 1, 'vabel', 1, 0, '2013-04-17 11:52:51'),
(569, 8, 117, 2, 'favel', 1, 0, '2013-04-17 11:52:51'),
(570, 8, 117, 3, 'pabel', 1, 0, '2013-04-17 11:52:51'),
(571, 8, 117, 4, 'kabel', 1, 0, '2013-04-17 11:52:51'),
(572, 8, 117, 5, 'cabel', 1, 0, '2013-04-17 11:52:51'),
(573, 8, 118, 1, 'Setiabudhi', 1, 0, '2013-04-17 11:52:51'),
(574, 8, 118, 2, 'Dipati Ukur', 1, 0, '2013-04-17 11:52:51'),
(575, 8, 118, 3, 'Jatinangor', 1, 0, '2013-04-17 11:52:51'),
(576, 8, 118, 4, 'Gedebage', 1, 0, '2013-04-17 11:52:51'),
(577, 8, 118, 5, 'Ciwastra', 1, 0, '2013-04-17 11:52:51'),
(578, 8, 119, 1, 'samsung', 1, 0, '2013-04-17 11:52:51'),
(579, 8, 119, 2, 'htc', 1, 0, '2013-04-17 11:52:52'),
(580, 8, 119, 3, 'nexian', 1, 0, '2013-04-17 11:52:52'),
(581, 8, 119, 4, 'lg', 1, 0, '2013-04-17 11:52:52'),
(582, 8, 119, 5, 'nokia', 1, 0, '2013-04-17 11:52:52'),
(583, 9, 120, 1, 'kembang', 1, 1, '2013-04-17 12:18:38'),
(584, 9, 120, 2, 'gudeg', 1, 1, '2013-04-17 12:18:38'),
(585, 9, 120, 3, 'oncom', 1, 1, '2013-04-17 12:18:38'),
(586, 9, 120, 4, 'tauco', 1, 1, '2013-04-17 12:18:38'),
(587, 9, 120, 5, 'udang', 1, 1, '2013-04-17 12:18:38'),
(588, 9, 121, 1, 'nasi gule', 1, 1, '2013-04-17 12:18:38'),
(589, 9, 121, 2, 'nasi goreng', 1, 1, '2013-04-17 12:18:38'),
(590, 9, 121, 3, 'ketupat', 1, 1, '2013-04-17 12:18:38'),
(591, 9, 121, 4, 'nasi kuning', 1, 1, '2013-04-17 12:18:38'),
(592, 9, 121, 5, 'nasi padang', 1, 1, '2013-04-17 12:18:38'),
(593, 9, 122, 1, 'vabel', 1, 1, '2013-04-17 12:18:38'),
(594, 9, 122, 2, 'favel', 1, 1, '2013-04-17 12:18:38'),
(595, 9, 122, 3, 'pabel', 1, 1, '2013-04-17 12:18:38'),
(596, 9, 122, 4, 'kabel', 1, 1, '2013-04-17 12:18:38'),
(597, 9, 122, 5, 'cabel', 1, 1, '2013-04-17 12:18:38'),
(598, 9, 123, 1, 'Setiabudhi', 1, 1, '2013-04-17 12:18:38'),
(599, 9, 123, 2, 'Dipati Ukur', 1, 1, '2013-04-17 12:18:38'),
(600, 9, 123, 3, 'Jatinangor', 1, 1, '2013-04-17 12:18:39'),
(601, 9, 123, 4, 'Gedebage', 1, 1, '2013-04-17 12:18:39'),
(602, 9, 123, 5, 'Ciwastra', 1, 1, '2013-04-17 12:18:39'),
(603, 9, 124, 1, 'samsung', 1, 1, '2013-04-17 12:18:39'),
(604, 9, 124, 2, 'htc', 1, 1, '2013-04-17 12:18:39'),
(605, 9, 124, 3, 'nexian', 1, 1, '2013-04-17 12:18:39'),
(606, 9, 124, 4, 'lg', 1, 1, '2013-04-17 12:18:39'),
(607, 9, 124, 5, 'nokia', 1, 1, '2013-04-17 12:18:39'),
(608, 10, 125, 1, 'kembang', 1, 1, '2013-04-17 13:00:16'),
(609, 10, 125, 2, 'gudeg', 1, 1, '2013-04-17 13:00:16'),
(610, 10, 125, 3, 'oncom', 1, 1, '2013-04-17 13:00:16'),
(611, 10, 125, 4, 'tauco', 1, 1, '2013-04-17 13:00:16'),
(612, 10, 125, 5, 'udang', 1, 1, '2013-04-17 13:00:16'),
(613, 10, 126, 1, 'nasi gule', 1, 1, '2013-04-17 13:00:16'),
(614, 10, 126, 2, 'nasi goreng', 1, 1, '2013-04-17 13:00:16'),
(615, 10, 126, 3, 'ketupat', 1, 1, '2013-04-17 13:00:16'),
(616, 10, 126, 4, 'nasi kuning', 1, 1, '2013-04-17 13:00:16'),
(617, 10, 126, 5, 'nasi padang', 1, 1, '2013-04-17 13:00:16'),
(618, 10, 127, 1, 'vabel', 1, 1, '2013-04-17 13:00:17'),
(619, 10, 127, 2, 'favel', 1, 1, '2013-04-17 13:00:17'),
(620, 10, 127, 3, 'pabel', 1, 1, '2013-04-17 13:00:17'),
(621, 10, 127, 4, 'kabel', 1, 1, '2013-04-17 13:00:17'),
(622, 10, 127, 5, 'cabel', 1, 1, '2013-04-17 13:00:17'),
(623, 10, 128, 1, 'Setiabudhi', 1, 1, '2013-04-17 13:00:17'),
(624, 10, 128, 2, 'Dipati Ukur', 1, 1, '2013-04-17 13:00:17'),
(625, 10, 128, 3, 'Jatinangor', 1, 1, '2013-04-17 13:00:17'),
(626, 10, 128, 4, 'Gedebage', 1, 1, '2013-04-17 13:00:17'),
(627, 10, 128, 5, 'Ciwastra', 1, 1, '2013-04-17 13:00:17'),
(628, 10, 129, 1, 'samsung', 1, 1, '2013-04-17 13:00:17'),
(629, 10, 129, 2, 'htc', 1, 1, '2013-04-17 13:00:17'),
(630, 10, 129, 3, 'nexian', 1, 1, '2013-04-17 13:00:17'),
(631, 10, 129, 4, 'lg', 1, 1, '2013-04-17 13:00:17'),
(632, 10, 129, 5, 'nokia', 1, 1, '2013-04-17 13:00:17'),
(633, 11, 130, 1, 'kembang', 1, 0, '2013-04-21 21:20:15'),
(634, 11, 130, 2, 'gudeg', 1, 0, '2013-04-21 21:20:15'),
(635, 11, 130, 3, 'oncom', 1, 0, '2013-04-21 21:20:15'),
(636, 11, 130, 4, 'tauco', 1, 0, '2013-04-21 21:20:15'),
(637, 11, 130, 5, 'udang', 1, 0, '2013-04-21 21:20:15'),
(638, 11, 131, 1, 'nasi gule', 1, 0, '2013-04-21 21:20:15'),
(639, 11, 131, 2, 'nasi goreng', 1, 0, '2013-04-21 21:20:15'),
(640, 11, 131, 3, 'ketupat', 1, 0, '2013-04-21 21:20:15'),
(641, 11, 131, 4, 'nasi kuning', 1, 0, '2013-04-21 21:20:15'),
(642, 11, 131, 5, 'nasi padang', 1, 0, '2013-04-21 21:20:15'),
(643, 11, 132, 1, 'vabel', 1, 0, '2013-04-21 21:20:15'),
(644, 11, 132, 2, 'favel', 1, 0, '2013-04-21 21:20:16'),
(645, 11, 132, 3, 'pabel', 1, 0, '2013-04-21 21:20:16'),
(646, 11, 132, 4, 'kabel', 1, 0, '2013-04-21 21:20:16'),
(647, 11, 132, 5, 'cabel', 1, 0, '2013-04-21 21:20:16'),
(648, 11, 133, 1, 'Setiabudhi', 1, 0, '2013-04-21 21:20:16'),
(649, 11, 133, 2, 'Dipati Ukur', 1, 0, '2013-04-21 21:20:16'),
(650, 11, 133, 3, 'Jatinangor', 1, 0, '2013-04-21 21:20:16'),
(651, 11, 133, 4, 'Gedebage', 1, 0, '2013-04-21 21:20:16'),
(652, 11, 133, 5, 'Ciwastra', 1, 0, '2013-04-21 21:20:16'),
(653, 11, 134, 1, 'samsung', 1, 0, '2013-04-21 21:20:16'),
(654, 11, 134, 2, 'htc', 1, 0, '2013-04-21 21:20:16'),
(655, 11, 134, 3, 'nexian', 1, 0, '2013-04-21 21:20:16'),
(656, 11, 134, 4, 'lg', 1, 0, '2013-04-21 21:20:16'),
(657, 11, 134, 5, 'nokia', 1, 0, '2013-04-21 21:20:16'),
(658, 12, 135, 1, 'kembang', 1, 0, '2013-04-21 21:20:56'),
(659, 12, 135, 2, 'gudeg', 1, 0, '2013-04-21 21:20:56'),
(660, 12, 135, 3, 'oncom', 1, 0, '2013-04-21 21:20:56'),
(661, 12, 135, 4, 'tauco', 1, 0, '2013-04-21 21:20:56'),
(662, 12, 135, 5, 'udang', 1, 0, '2013-04-21 21:20:56'),
(663, 12, 136, 1, 'nasi gule', 1, 0, '2013-04-21 21:20:56'),
(664, 12, 136, 2, 'nasi goreng', 1, 0, '2013-04-21 21:20:56'),
(665, 12, 136, 3, 'ketupat', 1, 0, '2013-04-21 21:20:56'),
(666, 12, 136, 4, 'nasi kuning', 1, 0, '2013-04-21 21:20:56'),
(667, 12, 136, 5, 'nasi padang', 1, 0, '2013-04-21 21:20:56'),
(668, 12, 137, 1, 'vabel', 1, 0, '2013-04-21 21:20:56'),
(669, 12, 137, 2, 'favel', 1, 0, '2013-04-21 21:20:56'),
(670, 12, 137, 3, 'pabel', 1, 0, '2013-04-21 21:20:56'),
(671, 12, 137, 4, 'kabel', 1, 0, '2013-04-21 21:20:56'),
(672, 12, 137, 5, 'cabel', 1, 0, '2013-04-21 21:20:56'),
(673, 12, 138, 1, 'Setiabudhi', 1, 0, '2013-04-21 21:20:56'),
(674, 12, 138, 2, 'Dipati Ukur', 1, 0, '2013-04-21 21:20:56'),
(675, 12, 138, 3, 'Jatinangor', 1, 0, '2013-04-21 21:20:57'),
(676, 12, 138, 4, 'Gedebage', 1, 0, '2013-04-21 21:20:57'),
(677, 12, 138, 5, 'Ciwastra', 1, 0, '2013-04-21 21:20:57'),
(678, 12, 139, 1, 'samsung', 1, 0, '2013-04-21 21:20:57'),
(679, 12, 139, 2, 'htc', 1, 0, '2013-04-21 21:20:57'),
(680, 12, 139, 3, 'nexian', 1, 0, '2013-04-21 21:20:57'),
(681, 12, 139, 4, 'lg', 1, 0, '2013-04-21 21:20:57'),
(682, 12, 139, 5, 'nokia', 1, 0, '2013-04-21 21:20:57'),
(683, 13, 140, 1, 'kembang', 1, 0, '2013-04-21 21:21:45'),
(684, 13, 140, 2, 'gudeg', 1, 0, '2013-04-21 21:21:45'),
(685, 13, 140, 3, 'oncom', 1, 0, '2013-04-21 21:21:45'),
(686, 13, 140, 4, 'tauco', 1, 0, '2013-04-21 21:21:45'),
(687, 13, 140, 5, 'udang', 1, 0, '2013-04-21 21:21:45'),
(688, 13, 141, 1, 'nasi gule', 1, 0, '2013-04-21 21:21:45'),
(689, 13, 141, 2, 'nasi goreng', 1, 0, '2013-04-21 21:21:45'),
(690, 13, 141, 3, 'ketupat', 1, 0, '2013-04-21 21:21:45'),
(691, 13, 141, 4, 'nasi kuning', 1, 0, '2013-04-21 21:21:45'),
(692, 13, 141, 5, 'nasi padang', 1, 0, '2013-04-21 21:21:45'),
(693, 13, 142, 1, 'vabel', 1, 0, '2013-04-21 21:21:45'),
(694, 13, 142, 2, 'favel', 1, 0, '2013-04-21 21:21:45'),
(695, 13, 142, 3, 'pabel', 1, 0, '2013-04-21 21:21:45'),
(696, 13, 142, 4, 'kabel', 1, 0, '2013-04-21 21:21:45'),
(697, 13, 142, 5, 'cabel', 1, 0, '2013-04-21 21:21:45'),
(698, 13, 143, 1, 'Setiabudhi', 1, 0, '2013-04-21 21:21:45'),
(699, 13, 143, 2, 'Dipati Ukur', 1, 0, '2013-04-21 21:21:45'),
(700, 13, 143, 3, 'Jatinangor', 1, 0, '2013-04-21 21:21:45'),
(701, 13, 143, 4, 'Gedebage', 1, 0, '2013-04-21 21:21:45'),
(702, 13, 143, 5, 'Ciwastra', 1, 0, '2013-04-21 21:21:45'),
(703, 13, 144, 1, 'samsung', 1, 0, '2013-04-21 21:21:45'),
(704, 13, 144, 2, 'htc', 1, 0, '2013-04-21 21:21:45'),
(705, 13, 144, 3, 'nexian', 1, 0, '2013-04-21 21:21:45'),
(706, 13, 144, 4, 'lg', 1, 0, '2013-04-21 21:21:46'),
(707, 13, 144, 5, 'nokia', 1, 0, '2013-04-21 21:21:46'),
(708, 14, 145, 1, 'kembang', 1, 0, '2013-04-21 21:23:19'),
(709, 14, 145, 2, 'gudeg', 1, 0, '2013-04-21 21:23:20'),
(710, 14, 145, 3, 'oncom', 1, 0, '2013-04-21 21:23:20'),
(711, 14, 145, 4, 'tauco', 1, 0, '2013-04-21 21:23:20'),
(712, 14, 145, 5, 'udang', 1, 0, '2013-04-21 21:23:20'),
(713, 14, 146, 1, 'nasi gule', 1, 0, '2013-04-21 21:23:20'),
(714, 14, 146, 2, 'nasi goreng', 1, 0, '2013-04-21 21:23:20'),
(715, 14, 146, 3, 'ketupat', 1, 0, '2013-04-21 21:23:20'),
(716, 14, 146, 4, 'nasi kuning', 1, 0, '2013-04-21 21:23:21'),
(717, 14, 146, 5, 'nasi padang', 1, 0, '2013-04-21 21:23:21'),
(718, 14, 147, 1, 'vabel', 1, 0, '2013-04-21 21:23:21'),
(719, 14, 147, 2, 'favel', 1, 0, '2013-04-21 21:23:21'),
(720, 14, 147, 3, 'pabel', 1, 0, '2013-04-21 21:23:21'),
(721, 14, 147, 4, 'kabel', 1, 0, '2013-04-21 21:23:21'),
(722, 14, 147, 5, 'cabel', 1, 0, '2013-04-21 21:23:21'),
(723, 14, 148, 1, 'Setiabudhi', 1, 0, '2013-04-21 21:23:21'),
(724, 14, 148, 2, 'Dipati Ukur', 1, 0, '2013-04-21 21:23:21'),
(725, 14, 148, 3, 'Jatinangor', 1, 0, '2013-04-21 21:23:21'),
(726, 14, 148, 4, 'Gedebage', 1, 0, '2013-04-21 21:23:21'),
(727, 14, 148, 5, 'Ciwastra', 1, 0, '2013-04-21 21:23:21'),
(728, 14, 149, 1, 'samsung', 1, 0, '2013-04-21 21:23:22'),
(729, 14, 149, 2, 'htc', 1, 0, '2013-04-21 21:23:22'),
(730, 14, 149, 3, 'nexian', 1, 0, '2013-04-21 21:23:22'),
(731, 14, 149, 4, 'lg', 1, 0, '2013-04-21 21:23:22'),
(732, 14, 149, 5, 'nokia', 1, 0, '2013-04-21 21:23:22'),
(733, 15, 150, 1, 'kembang', 1, 0, '2013-04-21 21:26:18'),
(734, 15, 150, 2, 'gudeg', 1, 0, '2013-04-21 21:26:18'),
(735, 15, 150, 3, 'oncom', 1, 0, '2013-04-21 21:26:18'),
(736, 15, 150, 4, 'tauco', 1, 0, '2013-04-21 21:26:18'),
(737, 15, 150, 5, 'udang', 1, 0, '2013-04-21 21:26:18'),
(738, 15, 151, 1, 'nasi gule', 1, 0, '2013-04-21 21:26:19'),
(739, 15, 151, 2, 'nasi goreng', 1, 0, '2013-04-21 21:26:19'),
(740, 15, 151, 3, 'ketupat', 1, 0, '2013-04-21 21:26:19'),
(741, 15, 151, 4, 'nasi kuning', 1, 0, '2013-04-21 21:26:19'),
(742, 15, 151, 5, 'nasi padang', 1, 0, '2013-04-21 21:26:19'),
(743, 15, 152, 1, 'vabel', 1, 0, '2013-04-21 21:26:19'),
(744, 15, 152, 2, 'favel', 1, 0, '2013-04-21 21:26:19'),
(745, 15, 152, 3, 'pabel', 1, 0, '2013-04-21 21:26:19'),
(746, 15, 152, 4, 'kabel', 1, 0, '2013-04-21 21:26:19'),
(747, 15, 152, 5, 'cabel', 1, 0, '2013-04-21 21:26:19'),
(748, 15, 153, 1, 'Setiabudhi', 1, 0, '2013-04-21 21:26:19'),
(749, 15, 153, 2, 'Dipati Ukur', 1, 0, '2013-04-21 21:26:19'),
(750, 15, 153, 3, 'Jatinangor', 1, 0, '2013-04-21 21:26:19'),
(751, 15, 153, 4, 'Gedebage', 1, 0, '2013-04-21 21:26:19'),
(752, 15, 153, 5, 'Ciwastra', 1, 0, '2013-04-21 21:26:19'),
(753, 15, 154, 1, 'samsung', 1, 0, '2013-04-21 21:26:19'),
(754, 15, 154, 2, 'htc', 1, 0, '2013-04-21 21:26:19'),
(755, 15, 154, 3, 'nexian', 1, 0, '2013-04-21 21:26:19'),
(756, 15, 154, 4, 'lg', 1, 0, '2013-04-21 21:26:19'),
(757, 15, 154, 5, 'nokia', 1, 0, '2013-04-21 21:26:19'),
(758, 16, 155, 1, 'kembang', 1, 0, '2013-04-21 21:27:31'),
(759, 16, 155, 2, 'gudeg', 1, 0, '2013-04-21 21:27:31'),
(760, 16, 155, 3, 'oncom', 1, 0, '2013-04-21 21:27:31'),
(761, 16, 155, 4, 'tauco', 1, 0, '2013-04-21 21:27:31'),
(762, 16, 155, 5, 'udang', 1, 0, '2013-04-21 21:27:31'),
(763, 16, 156, 1, 'nasi gule', 1, 0, '2013-04-21 21:27:31'),
(764, 16, 156, 2, 'nasi goreng', 1, 0, '2013-04-21 21:27:31'),
(765, 16, 156, 3, 'ketupat', 1, 0, '2013-04-21 21:27:31'),
(766, 16, 156, 4, 'nasi kuning', 1, 0, '2013-04-21 21:27:31'),
(767, 16, 156, 5, 'nasi padang', 1, 0, '2013-04-21 21:27:31'),
(768, 16, 157, 1, 'vabel', 1, 0, '2013-04-21 21:27:31'),
(769, 16, 157, 2, 'favel', 1, 0, '2013-04-21 21:27:31'),
(770, 16, 157, 3, 'pabel', 1, 0, '2013-04-21 21:27:31'),
(771, 16, 157, 4, 'kabel', 1, 0, '2013-04-21 21:27:31'),
(772, 16, 157, 5, 'cabel', 1, 0, '2013-04-21 21:27:31'),
(773, 16, 158, 1, 'Setiabudhi', 1, 0, '2013-04-21 21:27:32'),
(774, 16, 158, 2, 'Dipati Ukur', 1, 0, '2013-04-21 21:27:32'),
(775, 16, 158, 3, 'Jatinangor', 1, 0, '2013-04-21 21:27:32'),
(776, 16, 158, 4, 'Gedebage', 1, 0, '2013-04-21 21:27:32'),
(777, 16, 158, 5, 'Ciwastra', 1, 0, '2013-04-21 21:27:32'),
(778, 16, 159, 1, 'samsung', 1, 0, '2013-04-21 21:27:32'),
(779, 16, 159, 2, 'htc', 1, 0, '2013-04-21 21:27:32'),
(780, 16, 159, 3, 'nexian', 1, 0, '2013-04-21 21:27:32'),
(781, 16, 159, 4, 'lg', 1, 0, '2013-04-21 21:27:32'),
(782, 16, 159, 5, 'nokia', 1, 0, '2013-04-21 21:27:32'),
(783, 17, 160, 1, 'kembang', 1, 0, '2013-04-21 21:28:21'),
(784, 17, 160, 2, 'gudeg', 1, 0, '2013-04-21 21:28:21'),
(785, 17, 160, 3, 'oncom', 1, 0, '2013-04-21 21:28:21'),
(786, 17, 160, 4, 'tauco', 1, 0, '2013-04-21 21:28:21'),
(787, 17, 160, 5, 'udang', 1, 0, '2013-04-21 21:28:21'),
(788, 17, 161, 1, 'nasi gule', 1, 0, '2013-04-21 21:28:21'),
(789, 17, 161, 2, 'nasi goreng', 1, 0, '2013-04-21 21:28:21'),
(790, 17, 161, 3, 'ketupat', 1, 0, '2013-04-21 21:28:21'),
(791, 17, 161, 4, 'nasi kuning', 1, 0, '2013-04-21 21:28:21'),
(792, 17, 161, 5, 'nasi padang', 1, 0, '2013-04-21 21:28:21'),
(793, 17, 162, 1, 'vabel', 1, 0, '2013-04-21 21:28:21'),
(794, 17, 162, 2, 'favel', 1, 0, '2013-04-21 21:28:21'),
(795, 17, 162, 3, 'pabel', 1, 0, '2013-04-21 21:28:21'),
(796, 17, 162, 4, 'kabel', 1, 0, '2013-04-21 21:28:21'),
(797, 17, 162, 5, 'cabel', 1, 0, '2013-04-21 21:28:21'),
(798, 17, 163, 1, 'Setiabudhi', 1, 0, '2013-04-21 21:28:22'),
(799, 17, 163, 2, 'Dipati Ukur', 1, 0, '2013-04-21 21:28:22'),
(800, 17, 163, 3, 'Jatinangor', 1, 0, '2013-04-21 21:28:22'),
(801, 17, 163, 4, 'Gedebage', 1, 0, '2013-04-21 21:28:22'),
(802, 17, 163, 5, 'Ciwastra', 1, 0, '2013-04-21 21:28:22'),
(803, 17, 164, 1, 'samsung', 1, 0, '2013-04-21 21:28:22'),
(804, 17, 164, 2, 'htc', 1, 0, '2013-04-21 21:28:22'),
(805, 17, 164, 3, 'nexian', 1, 0, '2013-04-21 21:28:22'),
(806, 17, 164, 4, 'lg', 1, 0, '2013-04-21 21:28:22'),
(807, 17, 164, 5, 'nokia', 1, 0, '2013-04-21 21:28:22'),
(808, 18, 165, 1, 'kembang', 1, 0, '2013-04-21 21:29:58'),
(809, 18, 165, 2, 'gudeg', 1, 0, '2013-04-21 21:29:58'),
(810, 18, 165, 3, 'oncom', 1, 0, '2013-04-21 21:29:58'),
(811, 18, 165, 4, 'tauco', 1, 0, '2013-04-21 21:29:58'),
(812, 18, 165, 5, 'udang', 1, 0, '2013-04-21 21:29:58'),
(813, 18, 166, 1, 'nasi gule', 1, 0, '2013-04-21 21:29:58'),
(814, 18, 166, 2, 'nasi goreng', 1, 0, '2013-04-21 21:29:59'),
(815, 18, 166, 3, 'ketupat', 1, 0, '2013-04-21 21:29:59'),
(816, 18, 166, 4, 'nasi kuning', 1, 0, '2013-04-21 21:29:59'),
(817, 18, 166, 5, 'nasi padang', 1, 0, '2013-04-21 21:29:59'),
(818, 18, 167, 1, 'vabel', 1, 0, '2013-04-21 21:29:59'),
(819, 18, 167, 2, 'favel', 1, 0, '2013-04-21 21:29:59'),
(820, 18, 167, 3, 'pabel', 1, 0, '2013-04-21 21:29:59'),
(821, 18, 167, 4, 'kabel', 1, 0, '2013-04-21 21:29:59'),
(822, 18, 167, 5, 'cabel', 1, 0, '2013-04-21 21:29:59'),
(823, 18, 168, 1, 'Setiabudhi', 1, 0, '2013-04-21 21:29:59'),
(824, 18, 168, 2, 'Dipati Ukur', 1, 0, '2013-04-21 21:29:59'),
(825, 18, 168, 3, 'Jatinangor', 1, 0, '2013-04-21 21:29:59'),
(826, 18, 168, 4, 'Gedebage', 1, 0, '2013-04-21 21:29:59'),
(827, 18, 168, 5, 'Ciwastra', 1, 0, '2013-04-21 21:29:59'),
(828, 18, 169, 1, 'samsung', 1, 0, '2013-04-21 21:29:59'),
(829, 18, 169, 2, 'htc', 1, 0, '2013-04-21 21:29:59'),
(830, 18, 169, 3, 'nexian', 1, 0, '2013-04-21 21:29:59'),
(831, 18, 169, 4, 'lg', 1, 0, '2013-04-21 21:29:59'),
(832, 18, 169, 5, 'nokia', 1, 0, '2013-04-21 21:29:59'),
(833, 19, 170, 1, 'kembang', 1, 0, '2013-04-21 22:00:06'),
(834, 19, 170, 2, 'gudeg', 1, 0, '2013-04-21 22:00:06'),
(835, 19, 170, 3, 'oncom', 1, 0, '2013-04-21 22:00:06'),
(836, 19, 170, 4, 'tauco', 1, 0, '2013-04-21 22:00:06'),
(837, 19, 170, 5, 'udang', 1, 0, '2013-04-21 22:00:06'),
(838, 19, 171, 1, 'nasi gule', 1, 0, '2013-04-21 22:00:06'),
(839, 19, 171, 2, 'nasi goreng', 1, 0, '2013-04-21 22:00:06'),
(840, 19, 171, 3, 'ketupat', 1, 0, '2013-04-21 22:00:06'),
(841, 19, 171, 4, 'nasi kuning', 1, 0, '2013-04-21 22:00:06'),
(842, 19, 171, 5, 'nasi padang', 1, 0, '2013-04-21 22:00:06'),
(843, 19, 172, 1, 'vabel', 1, 0, '2013-04-21 22:00:06'),
(844, 19, 172, 2, 'favel', 1, 0, '2013-04-21 22:00:06'),
(845, 19, 172, 3, 'pabel', 1, 0, '2013-04-21 22:00:06'),
(846, 19, 172, 4, 'kabel', 1, 0, '2013-04-21 22:00:06'),
(847, 19, 172, 5, 'cabel', 1, 0, '2013-04-21 22:00:06'),
(848, 19, 173, 1, 'Setiabudhi', 1, 0, '2013-04-21 22:00:06'),
(849, 19, 173, 2, 'Dipati Ukur', 1, 0, '2013-04-21 22:00:06'),
(850, 19, 173, 3, 'Jatinangor', 1, 0, '2013-04-21 22:00:06'),
(851, 19, 173, 4, 'Gedebage', 1, 0, '2013-04-21 22:00:06'),
(852, 19, 173, 5, 'Ciwastra', 1, 0, '2013-04-21 22:00:06'),
(853, 19, 174, 1, 'samsung', 1, 0, '2013-04-21 22:00:06'),
(854, 19, 174, 2, 'htc', 1, 0, '2013-04-21 22:00:06'),
(855, 19, 174, 3, 'nexian', 1, 0, '2013-04-21 22:00:07'),
(856, 19, 174, 4, 'lg', 1, 0, '2013-04-21 22:00:07'),
(857, 19, 174, 5, 'nokia', 1, 0, '2013-04-21 22:00:07'),
(858, 11, 175, 1, 'kembang', 1, 1, '2013-04-30 01:07:29'),
(859, 11, 175, 2, 'gudeg', 1, 1, '2013-04-30 01:07:29'),
(860, 11, 175, 3, 'oncom', 1, 1, '2013-04-30 01:07:29'),
(861, 11, 175, 4, 'tauco', 1, 1, '2013-04-30 01:07:29'),
(862, 11, 175, 5, 'udang', 1, 1, '2013-04-30 01:07:29'),
(863, 11, 176, 1, 'nasi gule', 1, 1, '2013-04-30 01:07:29'),
(864, 11, 176, 2, 'nasi goreng', 1, 1, '2013-04-30 01:07:29'),
(865, 11, 176, 3, 'ketupat', 1, 1, '2013-04-30 01:07:29'),
(866, 11, 176, 4, 'nasi kuning', 1, 1, '2013-04-30 01:07:29'),
(867, 11, 176, 5, 'nasi padang', 1, 1, '2013-04-30 01:07:29'),
(868, 11, 177, 1, 'vabel', 1, 1, '2013-04-30 01:07:29'),
(869, 11, 177, 2, 'favel', 1, 1, '2013-04-30 01:07:29'),
(870, 11, 177, 3, 'pabel', 1, 1, '2013-04-30 01:07:29'),
(871, 11, 177, 4, 'kabel', 1, 1, '2013-04-30 01:07:29'),
(872, 11, 177, 5, 'cabel', 1, 1, '2013-04-30 01:07:29'),
(873, 11, 178, 1, 'Setiabudhi', 1, 1, '2013-04-30 01:07:29'),
(874, 11, 178, 2, 'Dipati Ukur', 1, 1, '2013-04-30 01:07:30'),
(875, 11, 178, 3, 'Jatinangor', 1, 1, '2013-04-30 01:07:30'),
(876, 11, 178, 4, 'Gedebage', 1, 1, '2013-04-30 01:07:30'),
(877, 11, 178, 5, 'Ciwastra', 1, 1, '2013-04-30 01:07:30'),
(878, 11, 179, 1, 'samsung', 1, 1, '2013-04-30 01:07:30'),
(879, 11, 179, 2, 'htc', 1, 1, '2013-04-30 01:07:30'),
(880, 11, 179, 3, 'nexian', 1, 1, '2013-04-30 01:07:30'),
(881, 11, 179, 4, 'lg', 1, 1, '2013-04-30 01:07:30'),
(882, 11, 179, 5, 'nokia', 1, 1, '2013-04-30 01:07:30'),
(883, 11, 181, 1, 'Mengurangi bug pada code', 1, 1, '2013-04-30 15:33:31'),
(884, 11, 181, 2, 'Menambah bug pada code', 1, 1, '2013-04-30 15:34:49'),
(885, 11, 181, 3, 'Memperumit code', 1, 1, '2013-04-30 15:35:05'),
(886, 11, 181, 4, 'Membuat code error', 1, 1, '2013-04-30 15:35:13'),
(887, 11, 181, 5, 'Menggagalkan eksekusi code', 1, 1, '2013-04-30 15:35:24');

-- --------------------------------------------------------

--
-- Table structure for table `quiz_course`
--

CREATE TABLE IF NOT EXISTS `quiz_course` (
  `id_quiz_course` int(11) NOT NULL AUTO_INCREMENT,
  `quiz_id` int(11) NOT NULL,
  `course_id` int(11) NOT NULL,
  `deleted` int(11) NOT NULL,
  PRIMARY KEY (`id_quiz_course`)
) ENGINE=InnoDB  DEFAULT CHARSET=latin1 AUTO_INCREMENT=8 ;

--
-- Dumping data for table `quiz_course`
--

INSERT INTO `quiz_course` (`id_quiz_course`, `quiz_id`, `course_id`, `deleted`) VALUES
(3, 8, 1, 0),
(4, 9, 1, 0),
(5, 10, 3, 0),
(6, 7, 1, 0),
(7, 11, 5, 0);

-- --------------------------------------------------------

--
-- Table structure for table `quiz_course_group`
--

CREATE TABLE IF NOT EXISTS `quiz_course_group` (
  `id_quiz_course_group` int(11) NOT NULL AUTO_INCREMENT,
  `course_id` int(11) NOT NULL,
  `group_id` int(11) NOT NULL,
  `deleted` int(11) NOT NULL,
  PRIMARY KEY (`id_quiz_course_group`)
) ENGINE=InnoDB  DEFAULT CHARSET=latin1 AUTO_INCREMENT=18 ;

--
-- Dumping data for table `quiz_course_group`
--

INSERT INTO `quiz_course_group` (`id_quiz_course_group`, `course_id`, `group_id`, `deleted`) VALUES
(7, 1, 9, 0),
(8, 1, 10, 0),
(9, 1, 11, 0),
(10, 3, 12, 0),
(11, 1, 13, 0),
(12, 1, 14, 0),
(13, 1, 15, 0),
(14, 1, 16, 0),
(15, 1, 17, 0),
(16, 1, 18, 0),
(17, 5, 19, 0);

-- --------------------------------------------------------

--
-- Table structure for table `quiz_file`
--

CREATE TABLE IF NOT EXISTS `quiz_file` (
  `id_quiz` int(11) NOT NULL AUTO_INCREMENT,
  `user_id` int(11) NOT NULL,
  `course_id` int(11) NOT NULL,
  `file_quiz` varchar(200) NOT NULL,
  `size` int(11) NOT NULL,
  `ext` varchar(100) NOT NULL,
  `title` varchar(200) NOT NULL,
  `description` text NOT NULL,
  `start_time` datetime NOT NULL,
  `end_time` datetime NOT NULL,
  `length_time` int(11) NOT NULL,
  `num_per_page` int(11) NOT NULL,
  `max_answer_show` int(11) NOT NULL,
  `random_soal` int(11) NOT NULL,
  `random_jawaban` int(11) NOT NULL,
  `status` int(11) NOT NULL,
  `deleted` int(11) NOT NULL,
  `date` timestamp NOT NULL DEFAULT CURRENT_TIMESTAMP ON UPDATE CURRENT_TIMESTAMP,
  PRIMARY KEY (`id_quiz`)
) ENGINE=InnoDB  DEFAULT CHARSET=latin1 AUTO_INCREMENT=12 ;

--
-- Dumping data for table `quiz_file`
--

INSERT INTO `quiz_file` (`id_quiz`, `user_id`, `course_id`, `file_quiz`, `size`, `ext`, `title`, `description`, `start_time`, `end_time`, `length_time`, `num_per_page`, `max_answer_show`, `random_soal`, `random_jawaban`, `status`, `deleted`, `date`) VALUES
(8, 10, 0, 'quiz_8.xls', 0, '', 'Kuis Test', 'test ... test ... test ...', '2013-04-17 00:00:00', '2013-04-18 00:00:00', 60, 5, 0, 0, 0, 1, 0, '2013-04-17 11:52:52'),
(9, 10, 0, 'quiz_9.xls', 0, '', 'Kuis', 'test ... test ... test ...', '2013-04-28 00:00:00', '2013-04-29 00:00:00', 60, 5, 0, 0, 0, 1, 1, '2013-04-28 14:12:41'),
(10, 12, 0, 'quiz_10.xls', 0, '', 'Kuis bejo', 'test .. test .. test', '2013-04-17 00:00:00', '2013-04-18 00:00:00', 60, 5, 0, 1, 1, 1, 1, '2013-04-17 13:52:11'),
(11, 14, 0, 'quiz_11.xls', 19, '.xls', 'Ujian Tengah Semester - Algoritma dan Pemrograman Dasar', 'Bahan ujian dari bab 1 - 7', '2013-05-01 00:00:00', '2013-05-02 01:00:00', 10, 5, 0, 0, 0, 1, 1, '2013-05-01 07:46:43');

-- --------------------------------------------------------

--
-- Table structure for table `quiz_group`
--

CREATE TABLE IF NOT EXISTS `quiz_group` (
  `id_group` int(11) NOT NULL AUTO_INCREMENT,
  `quiz_id` int(11) NOT NULL,
  `title` varchar(200) NOT NULL,
  `description` text NOT NULL,
  `password` varchar(200) NOT NULL,
  `status` int(11) NOT NULL,
  `type` int(11) NOT NULL,
  `deleted` int(11) NOT NULL,
  `date_create` date NOT NULL,
  `date_modified` timestamp NOT NULL DEFAULT CURRENT_TIMESTAMP ON UPDATE CURRENT_TIMESTAMP,
  PRIMARY KEY (`id_group`)
) ENGINE=InnoDB  DEFAULT CHARSET=latin1 AUTO_INCREMENT=20 ;

--
-- Dumping data for table `quiz_group`
--

INSERT INTO `quiz_group` (`id_group`, `quiz_id`, `title`, `description`, `password`, `status`, `type`, `deleted`, `date_create`, `date_modified`) VALUES
(9, 8, 'Kelas - A', 'kelas .. kelas .. kelas', 'bejo', 1, 0, 0, '2013-04-17', '2013-04-17 11:40:20'),
(10, 9, 'Kelas - A', 'grup .. grup .. grup', 'bejo', 1, 0, 0, '2013-04-17', '2013-04-17 12:19:19'),
(11, 9, 'Kelas - B', 'test ... test ... test', 'bejo', 1, 0, 0, '2013-04-17', '2013-04-17 12:32:04'),
(12, 10, 'Kelas A', 'crot', 'bejo', 1, 0, 0, '2013-04-17', '2013-04-17 13:02:58'),
(13, 9, 'Kelas C', 'asdasd', 'asd', 1, 0, 0, '2013-04-17', '2013-04-25 06:46:27'),
(14, 9, 'Kelas D', 'asdasd', 'bejo', 1, 0, 0, '2013-04-26', '2013-04-27 23:58:27'),
(15, 9, 'Kelas E ', 'hahahah :D', 'bejo', 1, 0, 0, '2013-04-28', '2013-04-28 14:13:45'),
(16, 9, 'Kelas F', 'hahahahha', 'bejo', 1, 0, 0, '2013-04-28', '2013-04-28 14:36:33'),
(17, 9, 'Kelas G', 'hehehe', 'bejo', 1, 0, 0, '2013-04-28', '2013-04-28 19:01:16'),
(18, 9, 'Kelas Tryout', 'hehehehehehe', 'bejo', 1, 1, 0, '2013-04-28', '2013-04-28 22:44:20'),
(19, 11, 'Kelas A', 'Angkatan 2010 / 2011', 'bejo', 1, 1, 0, '2013-04-30', '2013-05-01 14:29:50');

-- --------------------------------------------------------

--
-- Table structure for table `quiz_pass_tryout`
--

CREATE TABLE IF NOT EXISTS `quiz_pass_tryout` (
  `id_quiz_pass_tryout` bigint(11) NOT NULL AUTO_INCREMENT,
  `user_id` int(11) NOT NULL,
  `participant_user_id` int(11) NOT NULL,
  `course_id` int(11) NOT NULL,
  `quiz_id` int(11) NOT NULL,
  `group_id` int(11) NOT NULL,
  `password` varchar(200) NOT NULL,
  `expired` int(11) NOT NULL,
  `date` timestamp NOT NULL DEFAULT CURRENT_TIMESTAMP ON UPDATE CURRENT_TIMESTAMP,
  PRIMARY KEY (`id_quiz_pass_tryout`)
) ENGINE=InnoDB  DEFAULT CHARSET=latin1 AUTO_INCREMENT=1507 ;

--
-- Dumping data for table `quiz_pass_tryout`
--

INSERT INTO `quiz_pass_tryout` (`id_quiz_pass_tryout`, `user_id`, `participant_user_id`, `course_id`, `quiz_id`, `group_id`, `password`, `expired`, `date`) VALUES
(1306, 14, 15, 5, 11, 19, 'Z1110', 1, '2013-05-01 09:56:57'),
(1307, 14, 15, 5, 11, 19, '190120', 1, '2013-05-01 10:07:14'),
(1308, 14, 15, 5, 11, 19, 'Z1103', 1, '2013-05-01 12:05:02'),
(1309, 14, 15, 5, 11, 19, '140910', 1, '2013-05-01 12:49:06'),
(1310, 14, 15, 5, 11, 19, '051091', 1, '2013-05-01 13:10:21'),
(1311, 14, 15, 5, 11, 19, '001691', 1, '2013-05-01 14:31:35'),
(1312, 14, 15, 5, 11, 19, '071901', 1, '2013-05-01 14:49:05'),
(1313, 14, 13, 5, 11, 19, '01QZ', 1, '2013-05-01 14:49:02'),
(1314, 14, 15, 5, 11, 19, '09Z11', 0, '2013-05-01 14:43:58'),
(1315, 14, 0, 5, 11, 19, '011109', 0, '2013-05-01 09:55:59'),
(1316, 14, 0, 5, 11, 19, '011119', 0, '2013-05-01 09:55:59'),
(1317, 14, 0, 5, 11, 19, '119120', 0, '2013-05-01 09:55:59'),
(1318, 14, 0, 5, 11, 19, '013191', 0, '2013-05-01 09:55:59'),
(1319, 14, 0, 5, 11, 19, '911014', 0, '2013-05-01 09:55:59'),
(1320, 14, 0, 5, 11, 19, '510119', 0, '2013-05-01 09:56:00'),
(1321, 14, 0, 5, 11, 19, '106191', 0, '2013-05-01 09:56:00'),
(1322, 14, 0, 5, 11, 19, '91G01', 0, '2013-05-01 09:56:00'),
(1323, 14, 0, 5, 11, 19, '1191P', 0, '2013-05-01 09:56:00'),
(1324, 14, 0, 5, 11, 19, '11Z19', 0, '2013-05-01 09:56:00'),
(1325, 14, 0, 5, 11, 19, '101029', 0, '2013-05-01 09:56:00'),
(1326, 14, 0, 5, 11, 19, '129110', 0, '2013-05-01 09:56:00'),
(1327, 14, 0, 5, 11, 19, '190221', 0, '2013-05-01 09:56:00'),
(1328, 14, 0, 5, 11, 19, '219130', 0, '2013-05-01 09:56:00'),
(1329, 14, 0, 5, 11, 19, '120194', 0, '2013-05-01 09:56:00'),
(1330, 14, 0, 5, 11, 19, '501912', 0, '2013-05-01 09:56:00'),
(1331, 14, 0, 5, 11, 19, '11E02', 0, '2013-05-01 09:56:00'),
(1332, 14, 0, 5, 11, 19, '201791', 0, '2013-05-01 09:56:00'),
(1333, 14, 0, 5, 11, 19, '1109R', 0, '2013-05-01 09:56:00'),
(1334, 14, 0, 5, 11, 19, '029191', 0, '2013-05-01 09:56:00'),
(1335, 14, 0, 5, 11, 19, '310091', 0, '2013-05-01 09:56:00'),
(1336, 14, 0, 5, 11, 19, '101931', 0, '2013-05-01 09:56:00'),
(1337, 14, 0, 5, 11, 19, '213019', 0, '2013-05-01 09:56:00'),
(1338, 14, 0, 5, 11, 19, 'Z1313', 0, '2013-05-01 09:56:00'),
(1339, 14, 0, 5, 11, 19, '310491', 0, '2013-05-01 09:56:00'),
(1340, 14, 0, 5, 11, 19, '3511Z', 0, '2013-05-01 09:56:01'),
(1341, 14, 0, 5, 11, 19, '961130', 0, '2013-05-01 09:56:01'),
(1342, 14, 0, 5, 11, 19, '93F11', 0, '2013-05-01 09:56:01'),
(1343, 14, 0, 5, 11, 19, '39Q10', 0, '2013-05-01 09:56:01'),
(1344, 14, 0, 5, 11, 19, '199310', 0, '2013-05-01 09:56:01'),
(1345, 14, 0, 5, 11, 19, '410109', 0, '2013-05-01 09:56:01'),
(1346, 14, 0, 5, 11, 19, '910114', 0, '2013-05-01 09:56:01'),
(1347, 14, 0, 5, 11, 19, '110429', 0, '2013-05-01 09:56:01'),
(1348, 14, 0, 5, 11, 19, '193410', 0, '2013-05-01 09:56:01'),
(1349, 14, 0, 5, 11, 19, '419410', 0, '2013-05-01 09:56:01'),
(1350, 14, 0, 5, 11, 19, '014951', 0, '2013-05-01 09:56:01'),
(1351, 14, 0, 5, 11, 19, '109641', 0, '2013-05-01 09:56:01'),
(1352, 14, 0, 5, 11, 19, '471910', 0, '2013-05-01 09:56:01'),
(1353, 14, 0, 5, 11, 19, '190418', 0, '2013-05-01 09:56:01'),
(1354, 14, 0, 5, 11, 19, '911094', 0, '2013-05-01 09:56:01'),
(1355, 14, 0, 5, 11, 19, '050119', 0, '2013-05-01 09:56:01'),
(1356, 14, 0, 5, 11, 19, '195101', 0, '2013-05-01 09:56:01'),
(1357, 14, 0, 5, 11, 19, '102591', 0, '2013-05-01 09:56:01'),
(1358, 14, 0, 5, 11, 19, '310519', 0, '2013-05-01 09:56:01'),
(1359, 14, 0, 5, 11, 19, '495110', 0, '2013-05-01 09:56:01'),
(1360, 14, 0, 5, 11, 19, '509115', 0, '2013-05-01 09:56:01'),
(1361, 14, 0, 5, 11, 19, '091156', 0, '2013-05-01 09:56:01'),
(1362, 14, 0, 5, 11, 19, '1051O', 0, '2013-05-01 09:56:01'),
(1363, 14, 0, 5, 11, 19, '951018', 0, '2013-05-01 09:56:02'),
(1364, 14, 0, 5, 11, 19, '011959', 0, '2013-05-01 09:56:02'),
(1365, 14, 0, 5, 11, 19, '601091', 0, '2013-05-01 09:56:02'),
(1366, 14, 0, 5, 11, 19, '161901', 0, '2013-05-01 09:56:02'),
(1367, 14, 0, 5, 11, 19, '161092', 0, '2013-05-01 09:56:02'),
(1368, 14, 0, 5, 11, 19, '936110', 0, '2013-05-01 09:56:02'),
(1369, 14, 0, 5, 11, 19, '110694', 0, '2013-05-01 09:56:02'),
(1370, 14, 0, 5, 11, 19, '590161', 0, '2013-05-01 09:56:02'),
(1371, 14, 0, 5, 11, 19, '061916', 0, '2013-05-01 09:56:02'),
(1372, 14, 0, 5, 11, 19, 'GZ16', 0, '2013-05-01 09:56:02'),
(1373, 14, 0, 5, 11, 19, '61ZQ', 0, '2013-05-01 09:56:02'),
(1374, 14, 0, 5, 11, 19, '910196', 0, '2013-05-01 09:56:02'),
(1375, 14, 0, 5, 11, 19, '190701', 0, '2013-05-01 09:56:02'),
(1376, 14, 0, 5, 11, 19, '170911', 0, '2013-05-01 09:56:02'),
(1377, 14, 0, 5, 11, 19, '172910', 0, '2013-05-01 09:56:02'),
(1378, 14, 0, 5, 11, 19, 'O1103', 0, '2013-05-01 09:56:02'),
(1379, 14, 0, 5, 11, 19, '101749', 0, '2013-05-01 09:56:02'),
(1380, 14, 0, 5, 11, 19, '91F51', 0, '2013-05-01 09:56:02'),
(1381, 14, 0, 5, 11, 19, 'Z1761', 0, '2013-05-01 09:56:02'),
(1382, 14, 0, 5, 11, 19, '17a01', 0, '2013-05-01 09:56:02'),
(1383, 14, 0, 5, 11, 19, '1019W', 0, '2013-05-01 09:56:03'),
(1384, 14, 0, 5, 11, 19, 'a1901', 0, '2013-05-01 09:56:03'),
(1385, 14, 0, 5, 11, 19, 'b1010', 0, '2013-05-01 09:56:03'),
(1386, 14, 0, 5, 11, 19, '011918', 0, '2013-05-01 09:56:03'),
(1387, 14, 0, 5, 11, 19, '021918', 0, '2013-05-01 09:56:03'),
(1388, 14, 0, 5, 11, 19, '910831', 0, '2013-05-01 09:56:03'),
(1389, 14, 0, 5, 11, 19, '4811Z', 0, '2013-05-01 09:56:03'),
(1390, 14, 0, 5, 11, 19, '105819', 0, '2013-05-01 09:56:03'),
(1391, 14, 0, 5, 11, 19, 'Z11V', 0, '2013-05-01 09:56:03'),
(1392, 14, 0, 5, 11, 19, '01Gb', 0, '2013-05-01 09:56:03'),
(1393, 14, 0, 5, 11, 19, 'Q19P', 0, '2013-05-01 09:56:03'),
(1394, 14, 0, 5, 11, 19, '18c01', 0, '2013-05-01 09:56:03'),
(1395, 14, 0, 5, 11, 19, '011909', 0, '2013-05-01 09:56:03'),
(1396, 14, 0, 5, 11, 19, '019191', 0, '2013-05-01 09:56:03'),
(1397, 14, 0, 5, 11, 19, '92Z11', 0, '2013-05-01 09:56:03'),
(1398, 14, 0, 5, 11, 19, '191039', 0, '2013-05-01 09:56:03'),
(1399, 14, 0, 5, 11, 19, '199401', 0, '2013-05-01 09:56:03'),
(1400, 14, 0, 5, 11, 19, '051991', 0, '2013-05-01 09:56:03'),
(1401, 14, 0, 5, 11, 19, '919601', 0, '2013-05-01 09:56:03'),
(1402, 14, 0, 5, 11, 19, '1107c', 0, '2013-05-01 09:56:03'),
(1403, 14, 0, 5, 11, 19, '0991Q', 0, '2013-05-01 09:56:03'),
(1404, 14, 0, 5, 11, 19, '199109', 0, '2013-05-01 09:56:03'),
(1405, 14, 0, 5, 11, 19, '910101', 0, '2013-05-01 09:56:03'),
(1406, 14, 0, 5, 11, 19, '109111', 0, '2013-05-01 09:56:04'),
(1407, 14, 0, 5, 11, 19, '211109', 0, '2013-05-01 09:56:04'),
(1408, 14, 0, 5, 11, 19, '911013', 0, '2013-05-01 09:56:04'),
(1409, 14, 0, 5, 11, 19, '011914', 0, '2013-05-01 09:56:04'),
(1410, 14, 0, 5, 11, 19, '051911', 0, '2013-05-01 09:56:04'),
(1411, 14, 0, 5, 11, 19, '160119', 0, '2013-05-01 09:56:04'),
(1412, 14, 0, 5, 11, 19, '1109G', 0, '2013-05-01 09:56:04'),
(1413, 14, 0, 5, 11, 19, '0119Q', 0, '2013-05-01 09:56:04'),
(1414, 14, 0, 5, 11, 19, '191109', 0, '2013-05-01 09:56:04'),
(1415, 14, 0, 5, 11, 19, '910111', 0, '2013-05-01 09:56:04'),
(1416, 14, 0, 5, 11, 19, '911111', 0, '2013-05-01 09:56:04'),
(1417, 14, 0, 5, 11, 19, '191112', 0, '2013-05-01 09:56:04'),
(1418, 14, 0, 5, 11, 19, '311191', 0, '2013-05-01 09:56:04'),
(1419, 14, 0, 5, 11, 19, '141911', 0, '2013-05-01 09:56:04'),
(1420, 14, 0, 5, 11, 19, '191151', 0, '2013-05-01 09:56:04'),
(1421, 14, 0, 5, 11, 19, '191611', 0, '2013-05-01 09:56:04'),
(1422, 14, 0, 5, 11, 19, '1191G', 0, '2013-05-01 09:56:04'),
(1423, 14, 0, 5, 11, 19, '1119Q', 0, '2013-05-01 09:56:04'),
(1424, 14, 0, 5, 11, 19, '111991', 0, '2013-05-01 09:56:04'),
(1425, 14, 0, 5, 11, 19, '112109', 0, '2013-05-01 09:56:04'),
(1426, 14, 0, 5, 11, 19, '121119', 0, '2013-05-01 09:56:04'),
(1427, 14, 0, 5, 11, 19, '922111', 0, '2013-05-01 09:56:04'),
(1428, 14, 0, 5, 11, 19, '213911', 0, '2013-05-01 09:56:04'),
(1429, 14, 0, 5, 11, 19, '114291', 0, '2013-05-01 09:56:04'),
(1430, 14, 0, 5, 11, 19, '191521', 0, '2013-05-01 09:56:04'),
(1431, 14, 0, 5, 11, 19, '2111E', 0, '2013-05-01 09:56:04'),
(1432, 14, 0, 5, 11, 19, '171921', 0, '2013-05-01 09:56:04'),
(1433, 14, 0, 5, 11, 19, '181192', 0, '2013-05-01 09:56:04'),
(1434, 14, 0, 5, 11, 19, '11c12', 0, '2013-05-01 09:56:04'),
(1435, 14, 0, 5, 11, 19, '309111', 0, '2013-05-01 09:56:06'),
(1436, 14, 0, 5, 11, 19, '119311', 0, '2013-05-01 09:56:06'),
(1437, 14, 0, 5, 11, 19, '319112', 0, '2013-05-01 09:56:06'),
(1438, 14, 0, 5, 11, 19, '191331', 0, '2013-05-01 09:56:06'),
(1439, 14, 0, 5, 11, 19, '134191', 0, '2013-05-01 09:56:06'),
(1440, 14, 0, 5, 11, 19, '511319', 0, '2013-05-01 09:56:06'),
(1441, 14, 0, 5, 11, 19, '311196', 0, '2013-05-01 09:56:07'),
(1442, 14, 0, 5, 11, 19, '9131G', 0, '2013-05-01 09:56:07'),
(1443, 14, 0, 5, 11, 19, '1311b', 0, '2013-05-01 09:56:07'),
(1444, 14, 0, 5, 11, 19, '311919', 0, '2013-05-01 09:56:07'),
(1445, 14, 0, 5, 11, 19, '191041', 0, '2013-05-01 09:56:07'),
(1446, 14, 0, 5, 11, 19, '119114', 0, '2013-05-01 09:56:07'),
(1447, 14, 0, 5, 11, 19, '112491', 0, '2013-05-01 09:56:07'),
(1448, 14, 0, 5, 11, 19, '113491', 0, '2013-05-01 09:56:07'),
(1449, 14, 0, 5, 11, 19, '141914', 0, '2013-05-01 09:56:07'),
(1450, 14, 0, 5, 11, 19, '119514', 0, '2013-05-01 09:56:07'),
(1451, 14, 0, 5, 11, 19, '411619', 0, '2013-05-01 09:56:07'),
(1452, 14, 0, 5, 11, 19, '11J19', 0, '2013-05-01 09:56:07'),
(1453, 14, 0, 5, 11, 19, '1411Y', 0, '2013-05-01 09:56:07'),
(1454, 14, 0, 5, 11, 19, '41c11', 0, '2013-05-01 09:56:07'),
(1455, 14, 0, 5, 11, 19, '101519', 0, '2013-05-01 09:56:07'),
(1456, 14, 0, 5, 11, 19, '151119', 0, '2013-05-01 09:56:08'),
(1457, 14, 0, 5, 11, 19, '911125', 0, '2013-05-01 09:56:08'),
(1458, 14, 0, 5, 11, 19, '113195', 0, '2013-05-01 09:56:08'),
(1459, 14, 0, 5, 11, 19, '154119', 0, '2013-05-01 09:56:08'),
(1460, 14, 0, 5, 11, 19, '191155', 0, '2013-05-01 09:56:08'),
(1461, 14, 0, 5, 11, 19, '911561', 0, '2013-05-01 09:56:08'),
(1462, 14, 0, 5, 11, 19, '5119G', 0, '2013-05-01 09:56:08'),
(1463, 14, 0, 5, 11, 19, '9151Q', 0, '2013-05-01 09:56:08'),
(1464, 14, 0, 5, 11, 19, '959111', 0, '2013-05-01 09:56:08'),
(1465, 14, 0, 5, 11, 19, '916110', 0, '2013-05-01 09:56:08'),
(1466, 14, 0, 5, 11, 19, '1111E', 0, '2013-05-01 09:56:08'),
(1467, 14, 0, 5, 11, 19, '912116', 0, '2013-05-01 09:56:08'),
(1468, 14, 0, 5, 11, 19, '131619', 0, '2013-05-01 09:56:08'),
(1469, 14, 0, 5, 11, 19, '614119', 0, '2013-05-01 09:56:09'),
(1470, 14, 0, 5, 11, 19, '151691', 0, '2013-05-01 09:56:09'),
(1471, 14, 0, 5, 11, 19, '11E61', 0, '2013-05-01 09:56:09'),
(1472, 14, 0, 5, 11, 19, '619117', 0, '2013-05-01 09:56:09'),
(1473, 14, 0, 5, 11, 19, '611918', 0, '2013-05-01 09:56:09'),
(1474, 14, 0, 5, 11, 19, '611991', 0, '2013-05-01 09:56:09'),
(1475, 14, 0, 5, 11, 19, '10a11', 0, '2013-05-01 09:56:09'),
(1476, 14, 0, 5, 11, 19, '119117', 0, '2013-05-01 09:56:09'),
(1477, 14, 0, 5, 11, 19, '11a21', 0, '2013-05-01 09:56:09'),
(1478, 14, 0, 5, 11, 19, '11O31', 0, '2013-05-01 09:56:09'),
(1479, 14, 0, 5, 11, 19, '479111', 0, '2013-05-01 09:56:09'),
(1480, 14, 0, 5, 11, 19, '151719', 0, '2013-05-01 09:56:10'),
(1481, 14, 0, 5, 11, 19, '161791', 0, '2013-05-01 09:56:10'),
(1482, 14, 0, 5, 11, 19, '11O17', 0, '2013-05-01 09:56:10'),
(1483, 14, 0, 5, 11, 19, '1811O', 0, '2013-05-01 09:56:10'),
(1484, 14, 0, 5, 11, 19, 'a9111', 0, '2013-05-01 09:56:10'),
(1485, 14, 0, 5, 11, 19, 'Q11Z', 0, '2013-05-01 09:56:10'),
(1486, 14, 0, 5, 11, 19, '11Q91', 0, '2013-05-01 09:56:10'),
(1487, 14, 0, 5, 11, 19, '21Q91', 0, '2013-05-01 09:56:10'),
(1488, 14, 0, 5, 11, 19, '13b11', 0, '2013-05-01 09:56:10'),
(1489, 14, 0, 5, 11, 19, '411819', 0, '2013-05-01 09:56:10'),
(1490, 14, 0, 5, 11, 19, '951118', 0, '2013-05-01 09:56:10'),
(1491, 14, 0, 5, 11, 19, '1161b', 0, '2013-05-01 09:56:10'),
(1492, 14, 0, 5, 11, 19, '11a18', 0, '2013-05-01 09:56:10'),
(1493, 14, 0, 5, 11, 19, 'X9111', 0, '2013-05-01 09:56:10'),
(1494, 14, 0, 5, 11, 19, 'Q9119', 0, '2013-05-01 09:56:10'),
(1495, 14, 0, 5, 11, 19, '1011c', 0, '2013-05-01 09:56:10'),
(1496, 14, 0, 5, 11, 19, 'c1111', 0, '2013-05-01 09:56:10'),
(1497, 14, 0, 5, 11, 19, '291191', 0, '2013-05-01 09:56:10'),
(1498, 14, 0, 5, 11, 19, '119193', 0, '2013-05-01 09:56:10'),
(1499, 14, 0, 5, 11, 19, '914119', 0, '2013-05-01 09:56:10'),
(1500, 14, 0, 5, 11, 19, '919115', 0, '2013-05-01 09:56:10'),
(1501, 14, 0, 5, 11, 19, '916191', 0, '2013-05-01 09:56:11'),
(1502, 14, 0, 5, 11, 19, '199117', 0, '2013-05-01 09:56:11'),
(1503, 14, 0, 5, 11, 19, '1811c', 0, '2013-05-01 09:56:11'),
(1504, 14, 0, 5, 11, 19, 'c1119', 0, '2013-05-01 09:56:11'),
(1505, 14, 0, 5, 11, 19, '091210', 0, '2013-05-01 09:56:11'),
(1506, 14, 0, 5, 11, 19, '111029', 0, '2013-05-01 09:56:11');

-- --------------------------------------------------------

--
-- Table structure for table `quiz_resource`
--

CREATE TABLE IF NOT EXISTS `quiz_resource` (
  `id_quiz_resource` int(11) NOT NULL AUTO_INCREMENT,
  `user_id` int(11) NOT NULL,
  `cover` int(11) NOT NULL,
  `title` text NOT NULL,
  `description` text NOT NULL,
  `file` text NOT NULL,
  `size` varchar(15) NOT NULL,
  `ext` varchar(5) NOT NULL,
  `type` int(11) NOT NULL,
  `show` int(11) NOT NULL,
  `converted` int(11) NOT NULL,
  `date` timestamp NOT NULL DEFAULT CURRENT_TIMESTAMP,
  PRIMARY KEY (`id_quiz_resource`)
) ENGINE=InnoDB  DEFAULT CHARSET=latin1 AUTO_INCREMENT=27 ;

--
-- Dumping data for table `quiz_resource`
--

INSERT INTO `quiz_resource` (`id_quiz_resource`, `user_id`, `cover`, `title`, `description`, `file`, `size`, `ext`, `type`, `show`, `converted`, `date`) VALUES
(1, 10, 0, 'Ini adalah gambar', 'heheheheh', 'quiz_picture_1.jpg', '123.34', '.jpg', 8, 0, 0, '2013-04-28 11:26:12'),
(2, 10, 0, 'ini adalah dokumen pdf (offline)', 'hahhahahaha', 'quiz_document_2.pdf', '1010.2', '.pdf', 1, 0, 0, '2013-04-28 11:26:36'),
(3, 10, 0, 'Ini adalah mp3 (offline)', 'kskjakjdkajkd', 'quiz_sound_3.mp3', '3728.24', '.mp3', 9, 0, 0, '2013-04-28 11:27:02'),
(4, 10, 0, 'Ini adalah video (offline)', 'akjhskdjakjsdkjaskd', 'quiz_video_4.mp4', '54124.05', '.mp4', 0, 0, 0, '2013-04-28 11:28:05'),
(8, 10, 0, 'Ini SlideShare', 'hahahahahaha', 'http://www.slideshare.net/manugoel2003/php-security', '', '', 5, 0, 0, '2013-04-28 13:35:49'),
(9, 10, 0, 'Ini Scribd', 'hahahahah', 'http://www.scribd.com/doc/122927131/Italian-Greats-Delicious-Italian-Recipes-The-Top-100-Italian-Recipes', '', '', 4, 0, 0, '2013-04-28 13:38:42'),
(10, 10, 0, 'Ini Docstoc', 'akshdfalhsdkhaljsdf', 'http://premium.docstoc.com/docs/102672178/Minutes-of-First-Meeting-of-Corporate-Directors-for-S-Corporation', '', '', 7, 0, 0, '2013-04-28 13:41:03'),
(13, 10, 0, 'Ini Vimeo', 'hahahahahah :D', 'http://vimeo.com/64504343', '', '', 3, 0, 0, '2013-04-28 14:07:49'),
(14, 10, 0, 'Ini Youtube', 'hahahahah', 'http://www.youtube.com/watch?v=vVzjXpwW2xI', '', '', 2, 0, 0, '2013-04-28 18:55:24'),
(15, 10, 0, 'Ini SoundCloud', 'hahaha', 'https://soundcloud.com/instrumantic/soulvibe-gerangan-cinta', '', '', 6, 0, 0, '2013-04-28 18:55:57'),
(16, 14, 0, 'Speech Recognition', 'membahas dragonfly sebagai engine speech recognition dalam python', 'quiz_video_16.mp4', '54124.05', '.mp4', 0, 0, 0, '2013-04-30 13:44:33'),
(17, 14, 0, 'Listening Test TOEFL', 'listening untuk TOEFL ', 'quiz_sound_17.mp3', '10436', '.mp3', 9, 0, 0, '2013-04-30 14:01:05'),
(18, 14, 0, 'Introduction to S40', 'melihat tentang fitur - fitur Nokia S40', 'quiz_document_18.pdf', '1886.56', '.pdf', 1, 0, 0, '2013-04-30 14:05:11'),
(19, 14, 0, 'Flowchart', 'Menganalisis Flowchart', 'quiz_picture_19.jpg', '6.23', '.jpg', 8, 0, 0, '2013-04-30 14:07:11'),
(20, 14, 0, 'Metode Simpleks', 'Menjelaskan metode simples untuk mencari maksimasi', 'http://www.youtube.com/watch?v=lPm46c1pfvQ', '', '', 2, 0, 0, '2013-04-30 14:16:51'),
(21, 14, 0, 'Alan Turing - Celebrating the life of a genius', 'Saturday 23 June 2012 marks the centenary of the birth of Alan Turing - mathematical genius, hero of the WWII code breakers of Bletchley Park, and father of modern computing.\r\nAlan Turing was a mathematician, cryptographer and pioneer of computer science who possessed one of the greatest brains of the 20th century. His life was one of secret triumphs shadowed by public tragedy.\r\nPresented by Dr James Grime, Enigma Project Officer at the University''s Millenium Mathematics Project', 'http://vimeo.com/44443593', '', '', 3, 0, 0, '2013-04-30 14:22:20'),
(22, 14, 0, 'Instrument', 'Ableton''s favorite sound designers have developed a rich collection of instruments custom-made for Ableton Live: the Partner Instruments.', 'https://soundcloud.com/ableton/sets/partner-instrument-compilation', '', '', 6, 0, 0, '2013-04-30 14:32:08'),
(23, 14, 0, 'PHP Web Programming', 'Learn PHP Web Programming with this comprehensive tutorial.', 'http://www.slideshare.net/intellibitz/php-46349', '', '', 5, 0, 0, '2013-04-30 14:45:52'),
(24, 14, 0, 'Fuzzy Logic', 'Suatu sistem peralatan elektronik yang ditangani oleh komputer, makasemuanya akan terasa lebih canggih, lebih pintar, lebih otomatis, lebih praktis, lebihefisien, lebih aman, lebih teliti dan sebagainya, hal tersebut yang menunjukkankeuntungan-keuntungan apabila dibandingkan dengan pengerjaan yang dilakukansecara manual.Kemampuan komputer dapat diberdayakan atau ditingkatkan melaluipeningkatan kemampuan unjuk kerja ...', 'http://www.scribd.com/doc/37894585/Fuzzy-Logic', '', '', 4, 0, 0, '2013-04-30 15:01:44'),
(25, 14, 0, 'The History of Life on Earth', 'menjelaskan gambaran kehidupan di bumi', 'http://www.docstoc.com/docs/1136713/The-Histroy-of-Life-on-Earth---PowerPoint', '', '', 7, 0, 0, '2013-04-30 15:06:43'),
(26, 14, 0, 'ini adalah gambar', 'ini adalah deskripsi gambar', 'quiz_picture_26.jpg', '6.23', '.jpg', 8, 0, 0, '2013-04-30 15:07:59');

-- --------------------------------------------------------

--
-- Table structure for table `quiz_result`
--

CREATE TABLE IF NOT EXISTS `quiz_result` (
  `id_result` int(11) NOT NULL AUTO_INCREMENT,
  `user_id` int(11) NOT NULL,
  `course_id` int(11) NOT NULL,
  `quiz_id` int(11) NOT NULL,
  `group_id` int(11) NOT NULL,
  `score` int(11) NOT NULL,
  `right_answer` int(11) NOT NULL,
  `wrong_answer` int(11) NOT NULL,
  `status` int(11) NOT NULL,
  `start_time` datetime NOT NULL,
  `end_time` datetime NOT NULL,
  `finish_time` datetime NOT NULL,
  PRIMARY KEY (`id_result`)
) ENGINE=InnoDB  DEFAULT CHARSET=latin1 AUTO_INCREMENT=59 ;

--
-- Dumping data for table `quiz_result`
--

INSERT INTO `quiz_result` (`id_result`, `user_id`, `course_id`, `quiz_id`, `group_id`, `score`, `right_answer`, `wrong_answer`, `status`, `start_time`, `end_time`, `finish_time`) VALUES
(14, 12, 1, 8, 9, 60, 3, 2, 1, '2013-04-17 11:41:47', '2013-04-17 12:41:47', '2013-04-17 11:42:32'),
(15, 12, 1, 9, 10, 40, 2, 3, 1, '2013-04-17 12:21:33', '2013-04-17 13:21:33', '2013-04-17 12:21:49'),
(16, 12, 1, 9, 11, 100, 5, 0, 1, '2013-04-17 12:32:40', '2013-04-17 13:32:40', '2013-04-17 12:33:00'),
(17, 10, 3, 10, 12, 40, 2, 3, 1, '2013-04-17 13:05:04', '2013-04-17 14:05:04', '2013-04-17 13:05:49'),
(18, 10, 1, 9, 10, 20, 1, 0, 1, '2013-04-17 14:41:41', '2013-04-17 15:41:41', '2013-04-17 14:41:52'),
(19, 10, 1, 9, 13, 20, 1, 0, 1, '2013-04-17 15:16:33', '2013-04-17 16:16:33', '2013-04-17 15:26:07'),
(20, 10, 1, 9, 11, 20, 1, 0, 1, '2013-04-17 15:49:15', '2013-04-17 16:49:15', '2013-04-17 15:50:12'),
(21, 11, 1, 9, 14, 0, 0, 5, 1, '2013-04-26 11:06:10', '2013-04-26 12:06:10', '2013-04-26 11:06:26'),
(22, 11, 1, 9, 13, 40, 2, 3, 1, '2013-04-27 11:13:52', '2013-04-27 12:13:52', '2013-04-27 11:14:14'),
(23, 13, 1, 9, 13, 80, 4, 1, 1, '2013-04-27 23:33:10', '2013-04-28 00:33:10', '2013-04-27 23:33:26'),
(24, 13, 1, 9, 10, 40, 2, 3, 1, '2013-04-27 23:39:18', '2013-04-28 00:39:18', '2013-04-27 23:39:31'),
(25, 13, 1, 9, 11, 40, 2, 3, 1, '2013-04-27 23:56:36', '2013-04-28 00:56:36', '2013-04-27 23:56:48'),
(26, 13, 1, 9, 14, 40, 2, 3, 1, '2013-04-27 23:58:50', '2013-04-28 00:58:50', '2013-04-27 23:59:30'),
(27, 13, 1, 9, 15, 20, 1, 1, 1, '2013-04-28 14:14:17', '2013-04-28 15:14:17', '2013-04-28 14:15:02'),
(58, 13, 5, 11, 19, 17, 1, 5, 1, '2013-05-01 14:39:02', '2013-05-01 14:49:02', '2013-05-01 14:49:02');

-- --------------------------------------------------------

--
-- Table structure for table `quiz_soal`
--

CREATE TABLE IF NOT EXISTS `quiz_soal` (
  `id_soal` int(11) NOT NULL AUTO_INCREMENT,
  `quiz_id` int(11) NOT NULL,
  `resource_id` int(11) NOT NULL,
  `summary_id` int(11) NOT NULL,
  `soal` text NOT NULL,
  `answer` varchar(10) NOT NULL,
  `status` int(11) NOT NULL,
  `deleted` int(11) NOT NULL,
  `date` timestamp NOT NULL DEFAULT CURRENT_TIMESTAMP ON UPDATE CURRENT_TIMESTAMP,
  PRIMARY KEY (`id_soal`)
) ENGINE=InnoDB  DEFAULT CHARSET=latin1 AUTO_INCREMENT=182 ;

--
-- Dumping data for table `quiz_soal`
--

INSERT INTO `quiz_soal` (`id_soal`, `quiz_id`, `resource_id`, `summary_id`, `soal`, `answer`, `status`, `deleted`, `date`) VALUES
(115, 8, 0, 0, 'sebutan kota bandung adalah kota ...', '1', 1, 0, '2013-04-17 11:52:50'),
(116, 8, 0, 0, 'makanan khas umat islam yang disajikan ketika lebaran', '3', 1, 0, '2013-04-17 11:52:51'),
(117, 8, 0, 0, 'Platform belajar terbaru UNPAD adalah ...', '1', 1, 0, '2013-04-17 11:52:51'),
(118, 8, 0, 0, 'Gelora Bandung Lautan Api berlokasi di ...', '4', 1, 0, '2013-04-17 11:52:51'),
(119, 8, 0, 0, 'Manakah brand berikut ini, yang tidak menggunakan Android', '5', 1, 0, '2013-04-17 11:52:52'),
(120, 9, 10, 15, 'sebutan kota bandung adalah kota ...', '1', 1, 1, '2013-04-29 07:54:35'),
(121, 9, 4, 0, 'makanan khas umat islam yang disajikan ketika lebaran', '3', 1, 1, '2013-04-28 19:50:27'),
(122, 9, 3, 3, 'Platform belajar terbaru UNPAD adalah ...', '1', 1, 1, '2013-04-28 19:21:55'),
(123, 9, 2, 2, 'Gelora Bandung Lautan Api berlokasi di ...', '4', 1, 1, '2013-04-28 19:22:11'),
(124, 9, 1, 1, 'Manakah brand berikut ini, yang tidak menggunakan Android', '5', 1, 1, '2013-04-28 19:22:22'),
(125, 10, 0, 0, 'sebutan kota bandung adalah kota ...', '1', 1, 1, '2013-04-17 13:00:16'),
(126, 10, 0, 0, 'makanan khas umat islam yang disajikan ketika lebaran', '3', 1, 1, '2013-04-17 13:00:16'),
(127, 10, 0, 0, 'Platform belajar terbaru UNPAD adalah ...', '1', 1, 1, '2013-04-17 13:00:17'),
(128, 10, 0, 0, 'Gelora Bandung Lautan Api berlokasi di ...', '4', 1, 1, '2013-04-17 13:00:17'),
(129, 10, 0, 0, 'Manakah brand berikut ini, yang tidak menggunakan Android', '5', 1, 1, '2013-04-17 13:00:17'),
(130, 11, 0, 0, 'sebutan kota bandung adalah kota ...', '1', 1, 0, '2013-04-21 21:20:15'),
(131, 11, 0, 0, 'makanan khas umat islam yang disajikan ketika lebaran', '3', 1, 0, '2013-04-21 21:20:15'),
(132, 11, 0, 0, 'Platform belajar terbaru UNPAD adalah ...', '1', 1, 0, '2013-04-21 21:20:16'),
(133, 11, 0, 0, 'Gelora Bandung Lautan Api berlokasi di ...', '4', 1, 0, '2013-04-21 21:20:16'),
(134, 11, 0, 0, 'Manakah brand berikut ini, yang tidak menggunakan Android', '5', 1, 0, '2013-04-21 21:20:16'),
(135, 12, 0, 0, 'sebutan kota bandung adalah kota ...', '1', 1, 0, '2013-04-21 21:20:56'),
(136, 12, 0, 0, 'makanan khas umat islam yang disajikan ketika lebaran', '3', 1, 0, '2013-04-21 21:20:56'),
(137, 12, 0, 0, 'Platform belajar terbaru UNPAD adalah ...', '1', 1, 0, '2013-04-21 21:20:56'),
(138, 12, 0, 0, 'Gelora Bandung Lautan Api berlokasi di ...', '4', 1, 0, '2013-04-21 21:20:57'),
(139, 12, 0, 0, 'Manakah brand berikut ini, yang tidak menggunakan Android', '5', 1, 0, '2013-04-21 21:20:57'),
(140, 13, 0, 0, 'sebutan kota bandung adalah kota ...', '1', 1, 0, '2013-04-21 21:21:45'),
(141, 13, 0, 0, 'makanan khas umat islam yang disajikan ketika lebaran', '3', 1, 0, '2013-04-21 21:21:45'),
(142, 13, 0, 0, 'Platform belajar terbaru UNPAD adalah ...', '1', 1, 0, '2013-04-21 21:21:45'),
(143, 13, 0, 0, 'Gelora Bandung Lautan Api berlokasi di ...', '4', 1, 0, '2013-04-21 21:21:45'),
(144, 13, 0, 0, 'Manakah brand berikut ini, yang tidak menggunakan Android', '5', 1, 0, '2013-04-21 21:21:46'),
(145, 14, 0, 0, 'sebutan kota bandung adalah kota ...', '1', 1, 0, '2013-04-21 21:23:20'),
(146, 14, 0, 0, 'makanan khas umat islam yang disajikan ketika lebaran', '3', 1, 0, '2013-04-21 21:23:21'),
(147, 14, 0, 0, 'Platform belajar terbaru UNPAD adalah ...', '1', 1, 0, '2013-04-21 21:23:21'),
(148, 14, 0, 0, 'Gelora Bandung Lautan Api berlokasi di ...', '4', 1, 0, '2013-04-21 21:23:21'),
(149, 14, 0, 0, 'Manakah brand berikut ini, yang tidak menggunakan Android', '5', 1, 0, '2013-04-21 21:23:22'),
(150, 15, 0, 0, 'sebutan kota bandung adalah kota ...', '1', 1, 0, '2013-04-21 21:26:18'),
(151, 15, 0, 0, 'makanan khas umat islam yang disajikan ketika lebaran', '3', 1, 0, '2013-04-21 21:26:19'),
(152, 15, 0, 0, 'Platform belajar terbaru UNPAD adalah ...', '1', 1, 0, '2013-04-21 21:26:19'),
(153, 15, 0, 0, 'Gelora Bandung Lautan Api berlokasi di ...', '4', 1, 0, '2013-04-21 21:26:19'),
(154, 15, 0, 0, 'Manakah brand berikut ini, yang tidak menggunakan Android', '5', 1, 0, '2013-04-21 21:26:19'),
(155, 16, 0, 0, 'sebutan kota bandung adalah kota ...', '1', 1, 0, '2013-04-21 21:27:31'),
(156, 16, 0, 0, 'makanan khas umat islam yang disajikan ketika lebaran', '3', 1, 0, '2013-04-21 21:27:31'),
(157, 16, 0, 0, 'Platform belajar terbaru UNPAD adalah ...', '1', 1, 0, '2013-04-21 21:27:32'),
(158, 16, 0, 0, 'Gelora Bandung Lautan Api berlokasi di ...', '4', 1, 0, '2013-04-21 21:27:32'),
(159, 16, 0, 0, 'Manakah brand berikut ini, yang tidak menggunakan Android', '5', 1, 0, '2013-04-21 21:27:32'),
(160, 17, 0, 0, 'sebutan kota bandung adalah kota ...', '1', 1, 0, '2013-04-21 21:28:21'),
(161, 17, 0, 0, 'makanan khas umat islam yang disajikan ketika lebaran', '3', 1, 0, '2013-04-21 21:28:21'),
(162, 17, 0, 0, 'Platform belajar terbaru UNPAD adalah ...', '1', 1, 0, '2013-04-21 21:28:21'),
(163, 17, 0, 0, 'Gelora Bandung Lautan Api berlokasi di ...', '4', 1, 0, '2013-04-21 21:28:22'),
(164, 17, 0, 0, 'Manakah brand berikut ini, yang tidak menggunakan Android', '5', 1, 0, '2013-04-21 21:28:22'),
(165, 18, 0, 0, 'sebutan kota bandung adalah kota ...', '1', 1, 0, '2013-04-21 21:29:58'),
(166, 18, 0, 0, 'makanan khas umat islam yang disajikan ketika lebaran', '3', 1, 0, '2013-04-21 21:29:59'),
(167, 18, 0, 0, 'Platform belajar terbaru UNPAD adalah ...', '1', 1, 0, '2013-04-21 21:29:59'),
(168, 18, 0, 0, 'Gelora Bandung Lautan Api berlokasi di ...', '4', 1, 0, '2013-04-21 21:29:59'),
(169, 18, 0, 0, 'Manakah brand berikut ini, yang tidak menggunakan Android', '5', 1, 0, '2013-04-21 21:29:59'),
(170, 19, 0, 0, 'sebutan kota bandung adalah kota ...', '1', 1, 0, '2013-04-21 22:00:06'),
(171, 19, 0, 0, 'makanan khas umat islam yang disajikan ketika lebaran', '3', 1, 0, '2013-04-21 22:00:06'),
(172, 19, 0, 0, 'Platform belajar terbaru UNPAD adalah ...', '1', 1, 0, '2013-04-21 22:00:06'),
(173, 19, 0, 0, 'Gelora Bandung Lautan Api berlokasi di ...', '4', 1, 0, '2013-04-21 22:00:06'),
(174, 19, 0, 0, 'Manakah brand berikut ini, yang tidak menggunakan Android', '5', 1, 0, '2013-04-21 22:00:07'),
(175, 11, 0, 0, 'sebutan kota bandung adalah kota ...', '1', 1, 1, '2013-05-01 00:09:57'),
(176, 11, 0, 0, 'makanan khas umat islam yang disajikan ketika lebaran', '3', 1, 1, '2013-05-01 00:10:06'),
(177, 11, 0, 0, 'Platform belajar terbaru UNPAD adalah ...', '1', 1, 1, '2013-05-01 00:10:14'),
(178, 11, 0, 0, 'Gelora Bandung Lautan Api berlokasi di ...', '4', 1, 1, '2013-05-01 00:10:21'),
(179, 11, 0, 0, 'Manakah brand berikut ini, yang tidak menggunakan Android', '5', 1, 1, '2013-05-01 00:10:28'),
(180, 11, 0, 0, 'Apakah yang dimaksud dengan debugging ?', 'x', 1, 0, '2013-04-30 01:47:30'),
(181, 11, 0, 0, 'Apakah yang dimaksud dengan debugging ?', '1', 1, 1, '2013-04-30 15:36:46');
